50.38389	-4.56023	The Spectre Coach	http://antiq.wiki/?s18-l798	Parson Dodge, renowned for his supernatural prowess, was called to Lanreath to banish a terrifying ghost that haunted the moor in a black coach with headless horses. Upon encountering the spectre, Dodge's exorcisms were so powerful that the ghost fled, allowing him to rescue his unconscious fellow parson from danger.
50.13875	-5.65731	The Hooting Carn	http://antiq.wiki/?s18-l1044	On a moonless night, two miners returning home from Morvah encounter a mysterious, dark-robed horseman near the Hooting Carn, who leads them to a supernatural gathering at the hill's summit. Amid a spectral wrestling match illuminated by the horseman's fiery eyes, the miners witness a ghostly company that vanishes in thunder and wind upon hearing a holy prayer, revealing the secret behind the eerie phenomena of the Carn Kenidjack.
54.85899	-1.57417	The Chester-le-Street Apparition	http://antiq.wiki/?s16-l124	In 1632 near Chester-in-the-Street, a yeoman named Walker and a collier, Mark Sharp, were implicated in the murder of Walker's kinswoman, whose apparition later revealed the crime to a miller named James Graham. The apparition's persistence eventually led the miller to report the crime, resulting in the discovery of her body and the execution of Walker and Sharp, although they never confessed to the murder.
51.9796	-1.24375	The Apparition of the Rev. Mr. Naylor	http://antiq.wiki/?s16-l199	In December 1706, Edward Walter recounts a story told to him by Mr. Grove about an apparition of Mr. Naylor, a former Fellow of S. John's College, who appeared to Mr. Shaw, the Rector of Souldern, revealing future deaths, including Mr. Orchard's, which occurred shortly after the visit. Following Mr. Orchard's death, Mr. Shaw himself passed away from an apoplexy, lending credibility to the apparition's warning and prompting Mr. Grove to share the story with others, emphasizing the integrity of the men involved.
52.46719	-1.87547	The Apparition of Sister B	http://antiq.wiki/?s16-l1250	In the summer of 1816, a woman saw the apparition of her sister approaching her house at night, only for the figure to vanish before she could meet it. The next morning, she learned that her sister had died at the same time the apparition appeared.
52.47085	-1.87875	An Apparition in the Night	http://antiq.wiki/?s16-l1273	In the autumn of 1868, a woman experienced a vivid apparition of her friend Mrs. G, believing she saw the spirit visit her at night. Two days later, a letter confirmed that Mrs. G had died at exactly the same time as the apparition occurred in her vision.
51.55723	-0.77966	The Ghost of Bisham Abbey: The Tale of Elizabeth Cooke Hobby	http://antiq.wiki/?s16-l1844	Elizabeth Cooke Hobby, after accompanying her husband, Sir Thomas Hobby, to France, returned to Bisham Abbey in Berkshire where she allegedly killed her son due to his aversion to learning, and her spirit is said to haunt the house as punishment for this act. A hidden packet of antique copy-books was discovered in an old oak window-shutter, corroborating the legend about her son's resistance to writing.
51.88924	-0.82226	The Ghost of Creslow Manor	http://antiq.wiki/?s16-l1880	A ghostly lady haunts a sleeping chamber in the oldest part of Creslow Manor House, emerging from the crypt and entering through a specific door. Visitors have reported hearing her stately or hurried movements, often accompanied by the distinctive rustle of a silk dress.
53.95574	-1.08017	The Strange Occurrence at Clifford Tower	http://antiq.wiki/?s16-l1959	A soldier on guard at Clifford Tower in York witnessed a mysterious scroll of paper transform into a monkey and then into a turkey-cock the night after a witch's arraignment. He reported the incident to the prison's under-keeper, who also saw the scroll move and dance under a door with a very narrow opening.
55.17403	-3.4182	The Haunting of Spedlin's Tower	http://antiq.wiki/?s16-l1973	A miller named Porteous, who was imprisoned in Spedlin's Tower by Sir Alexander Jardine and accidentally left to die, became a ghost that haunted the tower. Porteous's spirit was eventually confined by exorcists to the tower using a large black-lettered Bible, which, when once removed, caused the ghost to cross the river and disturb the Jardine family until the book was returned.
55.59947	-2.7816	The Unexplainable Noises of Abbotsford	http://antiq.wiki/?s16-l2014	Sir Walter Scott experienced unsettling noises at Abbotsford during its construction, which coincided with the sudden death of a craftsman named Mr. Bullock. Despite initial thoughts of disorderly visitors, Scott confirms that the disturbances occurred with certainty of no one being present on the premises.
51.50835	-0.07573	The Phantom of the Tower	http://antiq.wiki/?s16-l2196	A sentry at the Tower of London reported seeing a ghostly figure resembling a bear, which frightened him so much that he collapsed and died soon after. The account is disputed by an eyewitness, Edmund Lenthal Swifte, who claims the apparition emerged from a different location, deepening the mystery surrounding the soldier's death.
52.32883	-1.20442	The Haunted House of Barby	http://antiq.wiki/?s16-l2234	A house in the small village of Barby, Northamptonshire, was rumored to be haunted following the death of a miserly old woman named Mrs. Webb in 1851, with strange noises and the apparition of her ghost reported by the new occupants. The disturbances ceased only after Mrs. Webb's hidden money was used to repay her debts, which were uncovered following numerous sightings of her ghostly presence demanding resolution.
56.62014	-3.00173	The Haunted Room of Glamis Castle	http://antiq.wiki/?s16-l2307	A mysterious 'Haunted Room' in Glamis Castle is closed off to all except the castle's lord and a few others, and numerous people have reported hearing strange noises emanating from it. One night, a lady staying at the castle heard a violent noise, but when she mentioned it at breakfast, the topic was quickly changed, indicating that the family prefers not to discuss the haunting.
29.96259	-90.07128	The Haunted Cell in Fourth Precinct	http://antiq.wiki/?s16-l2504	A haunted cell in New Orleans' Fourth Precinct police station, known for the suicide of Ann Murphy, reportedly causes inmates to experience ghostly encounters with her spirit, leading to multiple suicide attempts. Mary Taylor, a recent victim of the cell's haunting, survived her attempt and described the ghost urging her actions, matching the description of Ann Murphy, which she had never heard before.
51.96604	-3.9011	The Weaver of Llansadwrn Transported Through the Air by a Spirit	http://antiq.wiki/?s11-l7301	Evan y Gweydd encountered a spirit one night that compelled him to transport an iron chest to Fanfach Lake, and during this supernatural journey, he was carried through the air and later found himself ill for some time. The spirit offered Evan the choice of above, amid, or below wind for his aerial journey, warning that his decision would impact the ease of travel, highlighting the safest option as amid wind.
52.25558	-3.90228	Spirits Throwing Stones	http://antiq.wiki/?s11-l7353	An old man named John Jones recounted a tale about a farm between Pontrhydfendigaid and Tregaron haunted by a ghost that threw stones, troubling the family residing there. This story is among several similar tales found in various parts of the country, as noted in an old Welsh book.
52.02893	-4.37175	A Story of a Ghost Throwing Stones at Llangeler	http://antiq.wiki/?s11-l7416	In 1719, in the parish of Llangeler, Carmarthenshire, a mysterious spirit began throwing stones at people on a farm, causing injury and fear. Despite many villagers gathering to witness the phenomenon, the ghost continued to pelt stones until the spirit's actions ceased after a community prayer.
52.33882	-3.95822	A Ghost Revealing Hidden Treasure to a Farmer in the Parish of Llanafan	http://antiq.wiki/?s11-l7544	Farmer Edwards, living near Llanafan Bridge, was troubled by a ghost until he addressed it, apparently leading to the revelation of hidden treasure, which he used to prosper. A local resident confirmed the story's truth, claiming a financial benefit from the treasure as a relative of the farmer.
52.47687	-4.002	The Glanfread Fawr Ghost Revealing Hidden Money to the Housemaid.	http://antiq.wiki/?s11-l7595	During the Christmas holidays at Glanfread, a housemaid fainted after a mysterious encounter outside while fetching firewood, refusing to explain what had occurred despite her master's threats. Later, she and a fellow servant married and unexpectedly acquired a large farm, leading many to believe a spirit had revealed hidden treasure to her on the fateful night.
52.33128	-3.3892	A Ghost Appearing to Point Out Hidden Treasure in Radnorshire	http://antiq.wiki/?s11-l7628	In Radnorshire, a young gentleman bravely confronted a ghost haunting a palace near Abbey Cwm Hir, who then revealed hidden treasures buried near the house. Once the young man found and retrieved the valuable treasures as guided by the Spirit, the hauntings at the house ceased.
52.64979	-3.16109	The Powis Castle Ghost Story	http://antiq.wiki/?s11-l7656	A poor woman who worked as a spinner at the Welsh Earl of Powis's country seat, Redcastle, encountered the ghost of a gentleman, who revealed a hidden box that needed to be sent to the Earl in London. Upon fulfilling the ghost's request, the woman was rewarded by the Earl, receiving lifelong support for her role in the box’s discovery, underlining the prevailing local belief that buried treasures should not be unearthed without the ghost’s consent.
52.09191	-4.2808	The Spirit Encounter at Pontshan	http://antiq.wiki/?s11-l7840	A young Miss Pergrin encountered the spirit of a man from her neighborhood, who was supposedly far away, while walking near Pontshan, Llandyssul. When she informed the man's sisters of the sighting, they dismissed her claim, only for the man to return as expected the following day, confirming her encounter was with his spirit.
51.78913	-4.40962	Spirit of a Living Woman Seen on a Moonlight Night, Near Llanybri in Carmarthenshire	http://antiq.wiki/?s11-l7866	Mrs. M. Davies from Llanybri recalls her mother seeing a spirit of an old woman knitting by the roadside, later identified as Rachel Y Gweydd, on a moonlit night shortly before a local man's funeral. Remarkably, the same woman was seen knitting at the same spot when the funeral procession occurred, confirming the young woman's eerie encounter.
52.27915	-3.91794	The Visionary Doctor of Swyddffynnon	http://antiq.wiki/?s11-l7903	Mrs. Evans from Cardiganshire had a troubling vision of a tall, dark stranger with a long beard entering her house by the light in an unoccupied chamber. Later, a London doctor fitting this description saved her life during a critical illness, replicating the events of her vision exactly.
51.82379	-4.41093	The Spirit of a Dead Mother Appearing to Her Boy-Son at Llangynog, Carmarthenshire	http://antiq.wiki/?s11-l8021	In Llangynog, Carmarthenshire, a boy named William Thomas was comforted by the spirit of his deceased mother, who reassured him that he need not worry about the future. The spirit asked the boy to stop crying, as his tears caused her pain; this encounter was recounted by the boy's son many years later.
52.04202	-4.30631	The Spirit of a Dead Daughter Appearing to the Mother	http://antiq.wiki/?s11-l8044	About ninety years ago in Llanfair, Llandyssul, Mrs. D. Thomas's deceased daughter appeared to her, advising her mother not to mourn as she was in a better place. The account of this ghostly appearance was shared by Mr. Rees, who heard it from eyewitnesses three years prior to the retelling.
52.0308	-4.37402	The Spirit Of A Dead Mother Appearing To Her Children	http://antiq.wiki/?s11-l8060	In the parish of Llangeler, Carmarthenshire, the spirit of a deceased mother appeared to her children warning them not to eat poisoned cakes left on their playground. This incident led to neighborhood suspicions that their stepmother had malicious intentions.
51.89626	-3.29115	Allt y Crib Ghost, Near Talybont and Another Tale	http://antiq.wiki/?s11-l8086	The ghost of a baby, whose body was found in an old mine shaft near Talybont, is said to haunt the mother and community with its crying, causing widespread fear. A similar apparition is reported in Troedyraur, South Cardiganshire, where a child ghost dressed in yellow is known as 'Bwci Melyn Bach y Cwm.'
51.73951	-4.30574	The Ghost of Pont-y-Gwendraeth	http://antiq.wiki/?s11-l8104	Nest fell in love with a Norman knight, Sir Walter Mansel, but her cousin's jealousy led to his murder at Pont-y-Gwendraeth, prompting Nest to commit suicide by drowning with him. As a result, Nest's spirit was doomed to haunt the bridge, foretelling the deaths of her descendants unless a descendant married a Mansel, with her ghost reappearing generations later linked to mysterious tragedies in her family.
51.82698	-3.11564	Haunted Mansions of Llanelly	http://antiq.wiki/?s11-l8174	In Llanelly, Old Stradey House is said to be haunted by the ghost of Lady Mansel, while Llanelly House is believed to harbor spirits to this day. An old man recalls that when he was a boy, he heard the sound of a woman's rustling dress in the Stepney Mansion, and claims the same lady played a hidden organ at night.
51.93743	-4.30147	A Ghost Haunting a Young Lover	http://antiq.wiki/?s11-l8190	William Griffiths, a young servant from Pontiauar in the Parish of Llanpumpsaint, was followed by a ghost in the form of a large man after visiting his lover late at night. Terrified, William was chased to the village of Llanpumpsaint, where he sought refuge at the Blacksmith's shop and collapsed in fear, eventually needing assistance to return home.
51.61097	-4.99869	A Spirit In A Cave	http://antiq.wiki/?s11-l8452	Long ago, an old fiddler entered the Green Bridge Cave with a candle and his fiddle, but the candle went out, leaving him lost inside. It is said that the sound of his fiddle can still be heard in the cave.
52.33989	-4.00569	A Ghost Seen In The Form Of A Calf In Cardiganshire	http://antiq.wiki/?s11-l8820	In Rhosygarth, a notorious haunted area, travelers often encountered a ghost resembling a calf with a dog-like head. Mr. Hughes of Pantyddafad had a supernatural encounter with this ghost, while a young skeptic was similarly spooked, ultimately convincing him of the existence of spirits.
51.65138	-3.59983	A Demon Assuming the Form of a Horse	http://antiq.wiki/?s11-l8840	Sir John Williams recounted stories he heard as a boy about a ghost called 'Bwci' that haunted the roads near Gwynfi, taking the form of a horse. This tale aligns with the Celtic belief that demons, such as the Water Horse, could assume equine forms.
52.23556	-4.19171	The Monachty Ghost Doomed to Cut the Rock Near Llanrhystyd	http://antiq.wiki/?s11-l9219	The Monachty ghost, which terrified residents near Aberaeron due to its reputed ability to pass through a needle's eye, was eventually laid to rest by students from Ystrad Meurig College. These students condemned the ghost to cut a rock near Llanrhystyd, showcasing their reputation for dealing with spirits.
51.62605	-4.90132	The "Laying" of the Stackpole Ghost	http://antiq.wiki/?s11-l9237	The ghost of a headless lady, accompanied by headless horses and a coachman, haunted the area around Stackpole Court. The ghost was eventually laid to rest by a local parson who gave it an impossible task, ensuring it would no longer appear.
52.47261	1.17002	The Phantom Black Dog of Manor Farm	https://www.hiddenea.com/shuckland/aslacton.htm	A young farm boy encountered a monstrous, phantom black dog that vanished through a closed gate in a meadow at Manor Farm in Aslacton. ghost
52.9027	1.24431	The Weeping Woman of the Shrieking Pits	https://www.hiddenea.com/norfolka.htm	A tall phantom woman in white haunts the medieval iron-ore pits of Aylmerton, wailing and searching for her murdered child. approx ghost
52.79503	1.25087	The Haunting of the Black Boys Inn	https://www.greatbritishlife.co.uk/magazines/norfolk/22611765.9-fascinating-facts-didnt-know-aylsham/	The original owner of an ancient coaching inn, slain by a soldier of Oliver Cromwell during the Civil War, was buried on the premises and returned to haunt the building for over a century. ghost
52.89887	1.15208	The Spectral Sentry of Baconsthorpe Castle	https://www.edp24.co.uk/news/20824812.weird-norfolk-ghost-baconsthorpe-castle/	Visitors to the ruined 15th-century manor house frequently hear mysterious splashes in the moat and spot a ghostly medieval soldier standing on the walls, harmlessly tossing stones into the water. ghost
52.8672	1.45479	The Long Coastguardsman	https://www.edp24.co.uk/lifestyle/20619282.norfolk-cliff-haunted-ghostly-coastguard/	A betrayed coastguardsman, hacked to pieces by smugglers, eternally patrols the lonely cliff-edge between Bacton and Mundesley. approx ghost
52.89252	0.99259	The Phantom Hound of Clip Street Lane	https://www.hiddenea.com/shuckland/bale.htm	A grandmother encountered the legendary Black Shuck just outside the gate of her bungalow on a green lane in Bale. This eerie sighting of the spectral hound was passed down through family recollections across generations. ghost
52.81679	1.28657	The Haunted Portrait and Armchair of Banningham Rectory	https://www.edp24.co.uk/lifestyle/20779702.weird-norfolk-picture-chair-retain-haunting-memory-past/	Antiquarian Bryan Hall acquired a haunted portrait of Henrietta Nelson and a spectral George III armchair, both of which brought paranormal manifestations to his home. ghost
52.61706	1.09174	The Phantom Footmen of Barford	https://hauntedhosts.com/haunted-places/norfolk/location/1245-phantom-footmen-of-barford/	In the early hours of September 1, 2013, a motorist driving along Watton Road between Barford and Kimberley narrowly avoided three silent figures dressed in Georgian-era clothing standing in the middle of the road. Subsequent inquiries confirmed that no costume events or re-enactments were taking place in the area that night. approx ghost
52.73791	1.49621	The Face in Barton Broad	https://ludchurchmyblog.wordpress.com/places-further-afield/ghosts-and-legends-of-the-norfolk-broads/about/the-face-in-barton-broad/	The ghostly face of a tragic medieval woman materializes and floats across the surface of Barton Broad on early August mornings. ghost
52.7098	1.5811	The Phantom Coach of Bastwick	https://watermillsandmarshes.org.uk/ghosts-myths-and-magic-in-the-broads-national-park/	Following a bargain struck with a witch for a love potion, a newlywed bride is abducted from her wedding reception in Bastwick by the devil in a skeleton-driven coach. The fiery carriage ultimately plunges into the water at Potter Heigham bridge. ghost
52.62123	0.57332	Diana and Her Spectral Hounds	https://www.hiddenea.com/norfolkb.htm	The isolated ruins of All Saints church are said to be haunted by the ghostly apparition of Diana accompanied by supernatural hounds. This haunting stems from local folklore connecting the site to ancient pagan deities and phantom packs roaming the countryside. ghost
52.94102	1.23471	The Farmer and the Hooded Spectre	https://www.edp24.co.uk/news/20813666.weird-norfolk-farmer-ghost-beeston-regis/	A furious Norfolk farmer was continually terrorized by a hooded grey ghost that leapt from behind a glacial boulder to spook his horses at sunset. To lay the spirit to rest, he requested that the very boulder be placed atop his grave upon his death. ghost
52.55889	1.41485	The Black Shuck of Cooke's Lane	https://www.hiddenea.com/shuckland/berghapton.htm	A cyclist riding home late at night encountered a ferocious, snarling black hound that suddenly lunged from a roadside pond before vanishing directly into a solid wall. approx ghost
52.92012	0.94605	The Black-Hooded Monk of Binham Priory	https://binhampriory.org/history-2/articles-documents-registers-burial-memorials/binham-priory-ghost/	A spectral Benedictine monk is frequently sighted walking along a high ledge inside the parish church and haunting the ruins of the medieval priory. Local folklore links the phantom to subterranean tunnels and the tragic imprisonment of a former prior. ghost
52.87551	0.65475	The Haunted Squash Courts of Bircham Newton	https://www.edp24.co.uk/news/20769633.weird-norfolk-ghostly-airmen-bircham-newton-whose-eerie-voices-captured-tape/	While playing alone in the disused squash courts at the former RAF base in Bircham Newton, a film crew member encountered the spectral figure of an airman. Subsequent audio recordings made inside the building captured phantom footsteps, aircraft engine noises, and wartime chatter. ghost
52.95568	1.0178	The Fiddler of Blakeney Tunnels	https://knockonceforyes.com/2017/07/02/paranormal-postcards-blakeney/	A local musician who ventured into the subterranean smuggler tunnels beneath Blakeney Guildhall playing his instrument vanished without a trace. His mysterious disappearance is now permanently commemorated on the village sign. ghost
52.62817	1.44949	The Spectral Duel of Blofield	https://www.eveningnews24.co.uk/news/22337388.weird-norfolk-everything-need-know-countys-busiest-ghost/	Sir Thomas Boleyn and Sir Thomas Paston return to Blofield each year to engage in a fierce nocturnal duel with burning swords, watched over by Anne Boleyn from her carriage. approx ghost
52.64039	0.82122	The Screaming Gibbet	https://www.eveningnews24.co.uk/news/23260121.screaming-skeleton-hung-gibbet-bradenham/	A weary farmer riding across a desolate heath on a stormy night has a terrifying encounter with a hanging gibbet when an unearthly scream sounds and a skeletal bone drops from the cage. ghost
52.963	0.6382	The Nanny of the Ship Hotel	https://edwardcouzenslake.substack.com/p/more-spooky-norfolk-stories	The historic Ship Hotel in Brancaster is haunted by the ghostly apparition of Lord Nelson's former nanny. ghost
52.74798	1.17111	The Grey Lady of St. Nicholas	https://thedarkives.org/uk/england/norfolk/brandiston	A spectral Grey Lady is frequently sighted gliding through the churchyard and grounds of old Brandiston Hall, accompanied by sudden drops in temperature and unexplained noises. ghost
52.3771	1.248	The Mistletoe Bride	https://en.wikipedia.org/wiki/Legend_of_the_Mistletoe_Bough	During a Christmas wedding celebration at Brockdish Hall, a young bride playfully hides in an old oak chest during a game of hide-and-seek, accidentally trapping herself inside. Years later, her skeletal remains are discovered in her wedding dress, and the tragic tale became a famous English ghost legend. ghost mistletoe-bride private
52.82496	0.74076	The Phantom of Mary Bone's Well	https://shuckzine.substack.com/p/shuckstack-22	A woman was tragically drowned in an ancient well by a corrupt priest near the historic priory, leaving her ghostly spirit bound to the waters. ghost
52.61906	1.43595	The Bishop of Brundall	https://www.broadlandmemories.co.uk/blog/2012/05/quays-without-locks-a-ditch-crawlers-diary/	A ghostly bishop is said to glide down the River Yare past Brundall on a barge rowed by white-robed figures, bestowing blessings twice a year. Witnessing the apparition is believed to bring a year of good health and fortune. approx ghost
52.49132	1.12939	Kindred Spirits	https://www.bbc.co.uk/norfolk/content/articles/2009/02/03/feature_lucy_mccarraher_20090203_feature.shtml	An author living in a Norfolk farmhouse is contacted by a friendly phantom seeking to right a 1940s family injustice involving missing estate funds. Through guidance pointing to the local churchyard, she uncovers the ghost's true history and incorporates his tale into her novel. ghost
52.58174	1.65112	The Specter of the South Wall	https://historyofnorfolk.com/broads/burgh-castle-ghosts/	An eerie apparition of an unknown figure wrapped in a white flag is reportedly seen being hurled over the ruined south wall of the ancient Roman fort. ghost
52.4842	1.67103	The Churchyard Skeleton	https://www.hiddenea.com/norfolkb.htm	A man who traded his soul to the devil to fund the construction of a village church died before the debt could be collected, leaving a skeletal spirit to haunt the consecrated grounds on the anniversary of his death. ghost
52.96331	0.65666	The Mist on the Coast Road	http://www.paullee.com/ghosts/gwn.php	Unexplained misty apparitions have been witnessed materializing on the main road between Burnham Deepdale and Brancaster during otherwise clear nights. Travellers navigating this coastal stretch have reported unsettling encounters with drifting vaporous forms. ghost
52.94628	0.72869	The Dumpling Poisoners of Burnham Market	https://www.norfolklive.co.uk/news/history/burnham-markets-female-dumpling-poisoners-6784302	Two 19th-century women committed a series of murders by slipping arsenic into food and drink. Following their public execution, their vengeful spirits were said to haunt North Street in Burnham Market. ghost
52.75566	1.30833	The Spectral Dog of Buxton Church	https://www.hiddenea.com/shuckland/buxtonwithlamas.htm	A young woman walking near Buxton church encountered a phantom black dog that vanished instantly, moments before her brother died in Liverpool. Years later, the village schoolmaster recounted tales of Black Shuck sightings in Buxton. ghost
52.597	1.5328	The Callow Pit Coffer	https://norfolkfolkloresociety.substack.com/p/the-callow-pit-coffer	A sunken iron chest filled with treasure lies hidden in a tree-shrouded pond at a remote crossroads, jealously guarded by supernatural forces. Attempts to haul the coffer ashore are thwarted when a single spoken word breaks the required silence, causing the chains to snap and the treasure to vanish forever into the depths. ghost
52.79295	0.46895	The Madness of the She-Wolf	https://www.hauntedrooms.co.uk/castle-rising	The upper rooms of Castle Rising are haunted by the crazed spirit of Queen Isabella, who is said to pace the corridors and fill the night air with manic laughter and shrieks. Visitors and locals have reported hearing her terrifying outbursts and the rustle of her dress in the historic keep where she spent her final years. ghost
52.77053	1.19103	The Phantoms of Cawston Heath	https://norfolkrecordofficeblog.org/2023/06/23/norfolks-final-farewell-to-the-drama-of-the-duel/	Following a fatal 17th-century duel on Cawston Heath, the spirit of Sir Henry Hobart and spectral manifestations are said to haunt the location where the bloody clash took place. ghost
52.54784	1.50318	The Woman in Red of Cross Stone Road	https://joemasonspage.wordpress.com/2012/10/19/hardley1/	A phantom woman dressed in scarlet is said to appear and sit upon the post-medieval boundary stone at the road junction near Chedgrave. Locals and travelers traversing the rural lanes have passed down the legend of this spectral figure for generations. ghost
52.7543	0.3642	The Spirit of Margaretta House	https://www.hiddenea.com/norfolkc.htm	Margaretta House in Clenchwarton is believed to be haunted by the ghost of a woman named Margaret who died in the building and whose grave remains on the property. private ghost
52.82072	1.13727	The Organ of Corpusty	https://vaultofevil.proboards.com/thread/6308/james-news?page=22	When a long-silenced organ in a village church is restored against the dying wishes of its 18th-century builder, a terrifying supernatural reckoning is unleashed from beyond the grave. ghost
52.54936	0.98848	The Phantoms of Deopham Green Airfield	https://www.invisibleworks.co.uk/ghost-airfields-of-ww2-part-1/	Deopham Green Airfield, the historic World War II base of the USAAF 452nd Bombardment Group, remains haunted by the enduring echoes and atmospheric presence of B-17 Flying Fortresses. ghost
52.69173	0.93079	The Apparition of Sandy Lane	https://www.edp24.co.uk/news/20840749.weird-norfolk-headless-ghost-sandy-lane-dereham/	A woman walking home late at night encountered a transparent, floating entity that appeared to scale invisible steps before vanishing into the dark. This marked the first documented sighting of a haunting that repeated along the lane throughout the late 1960s and early 1970s. approx ghost
52.84054	0.51164	The Tap Room Specter	http://www.paullee.com/ghosts/gwn.php	The tap room of a Dersingham public house is haunted by the spirit of a young boy who was brutally beaten to death there. His lingering presence is believed to be responsible for various supernatural disturbances in the area. ghost
52.36599	1.15556	The Ghosts of the Scole Inn	https://www.dissmercury.co.uk/news/21680227.murders-ghosts-bus-crashes---myths-legends-norfolk-pubs/	Built in 1655, the historic coaching inn is haunted by the weeping apparition of a woman murdered by her jealous husband and the phantom highwayman who once rode his horse up its grand staircase. ghost
52.60291	0.37708	The Spectre of The Crown	http://www.paullee.com/ghosts/gwn.php	The historic Crown pub in Downham Market is haunted by the spirit of a young woman named Emily, whose footsteps and fleeting apparition are frequently encountered by staff in the 15th-century rooms above the old bar. ghost
52.45781	1.3958	The Gentle Spirits of Earsham Hall	https://www.greatbritishlife.co.uk/magazines/suffolk/23815574.discover-ideas-exploring-spooky-side-suffolk/	Earsham Hall is haunted by benevolent phantoms whose presence is marked by mysterious faces peering through upstairs windows, echoing footsteps, and dancing orbs on the grand staircase. ghost
52.86514	1.10458	The Smugglers' Secret Tunnel	https://www.hiddenea.com/norfolke.htm	Placing an ear to the ground at Cross Green is said to reveal the phantom singing of smugglers echoing from a hidden underground passage. ghost
52.70748	1.03504	The Fading Bell of Elsing Hall	https://www.hiddenea.com/norfolke.htm	A subterranean passage linking Elsing Hall to St. Mary's Church is shrouded in mystery after a hound sent to explore it vanished, leaving only a phantom ringing bell that slowly faded into silence. ghost
52.90763	1.26016	The Bibliophile of Felbrigg Hall	https://hauntedpalaceblog.com/2013/04/17/the-ghosts-of-felbrigg-hall/	The spirit of former owner William Windham III is said to haunt the Gothic library at Felbrigg Hall, where he is occasionally spotted reading or sitting by the table. His eternal attachment to his books stems from a fatal injury sustained while rescuing valuable volumes from a burning building in London. ghost
52.48783	0.52056	The Apparition of Mary Barley	https://www.feltwell.net/feltwell2/times/ghost_stories.htm	An elderly woman dressed in dark clothing and a shawl is occasionally seen wandering at night in Short Beck. She is believed to be the spirit of Mary Barley, who passed away in Feltwell in 1875. ghost
52.5457	1.65793	The Long-Necked Entities of Fritton Woods	https://www.norfolkfolkloresociety.co.uk/post/26-october-2023	Two people in a parked car after dark encountered two tall, human-like figures with elongated necks standing near a tree. When the car's headlights were switched on, the strange entities vanished behind the trunk. approx ghost
52.83097	0.95623	Fulmodeston's Unwelcoming Mist	https://www.greatbritishlife.co.uk/magazines/norfolk/22610849.13-strange-spooky-norfolk-stories/	In August 2005, a group of walkers exploring the ruined St Mary's Church in Fulmodeston were confronted by a sulphurous white mist, phantom voices, and a ghostly figure walking on non-existent upper floors. ghost
52.39557	0.94717	The Faithful Labrador Ghost	https://hauntedhosts.com/haunted-places/norfolk/location/5664-the-labrador-ghost/	A spectral black hound belonging to a former landlord continues to roam the historic halls of a village inn out of eternal canine loyalty. ghost
52.48164	1.53522	The Haunting of Winston Hall	https://gillingham-pc.norfolkparishes.gov.uk/2011/11/09/some-interesting-gillingham-buildings/	Winston Hall is renowned for its ghostly auditory phenomena, where witnesses report hearing a rustling silk dress, heavy nighttime footsteps, and a disembodied voice. ghost
52.5718	1.73286	The Haunting of Pier House	https://www.norfolklive.co.uk/news/norfolk-news/help-my-house-haunted-gorleston-6118225	Residents of a historic quayside home in Gorleston-on-Sea experienced terrifying ghostly activity, ranging from unexplained noises and physical touches to a malevolent entity targeting the homeowner in her dreams. Paranormal investigators were called in to cleanse the property and free the resident from a dark spiritual attachment. private ghost
52.80768	0.90918	The Spirits of the Coaching Inn	https://blueboarguesthouse.com/our-story	The historic Blue Boar Inn is haunted by friendly phantom guests who have never quite checked out, accompanied by local legends of secret underground passages linking the building to the parish church across the road. ghost
52.86792	0.92411	Phantom White Dog of Great Snoring	https://hauntedhosts.com/haunted-places/norfolk/location/6013-phantom-white-dog-of-great-snoring/	A phantom white hound terrorised travellers and cyclists on a rural road south of Great Snoring just before the Second World War. approx ghost
52.90706	1.23715	The Shrieking Pits of Gresham Cross	https://www.greatbritishlife.co.uk/magazines/norfolk/22610849.13-strange-spooky-norfolk-stories/	A spectral mother dressed in white haunts the ancient woodland pits near Gresham Cross, weeping and wailing as she searches endlessly for her murdered baby. ghost
52.71502	0.9219	The Ghost of Gressenhall Workhouse	https://www.norfolkfolkloresociety.co.uk/post/the-ghost-of-gressenhall	Staff and visitors at Gressenhall Workhouse experienced unexplained paranormal phenomena in the Spong Room, including lights turning on by themselves, moving boxes, flying windows, and phantom footsteps. ghost
52.52506	1.61286	The Ghostly Figure of Haddiscoe Dam	https://www.express.co.uk/news/uk/2017231/dad-spots-ghost-haunted-road	A driver and his colleagues captured video footage of a mysterious, dark-clad figure walking along the treacherous and unpaved Haddiscoe Dam late at night. Local residents later confirmed that the accident-prone road has a long-standing reputation for being haunted. approx ghost
52.71997	1.30189	The Ghostly Resident of Hainford Hall	https://jessicakimx.wordpress.com/tag/hainford-hall-haunted/	Hainford Hall is reputed to be haunted by the spirit of a young girl who tragically died within one of the manor's rooms. private ghost
52.81396	1.53494	The Legless Ghost of Happisburgh	https://benorfolk.co.uk/activities/the-legless-ghost-of-happisburgh/	Farmers walking near Cart Gap encounter a terrifying legless apparition carrying a sack, which eventually vanishes into a well on Whimpwell Street. ghost
52.52339	1.2038	The Haunting of Hapton House	http://www.haptonhistory.co.uk/extrapgs/sculfor.php	While working upstairs alone in Hapton House, a local cleaner experienced phantom footsteps, doors repeatedly slamming and opening on their own, and flowers moving across shelves. private ghost
52.54784	1.50315	The Woman in Red at Hardley Crossroads	https://www.hiddenea.com/norfolkh.htm	At a lonely crossroads in Hardley, the apparition of an old woman dressed in red appears at midnight to sit upon a historic stone marker. The site's supernatural reputation dates back centuries, earning it the historic map designation of 'Haunted Gap'. ghost
52.90524	0.48966	The Phantom of the Orange House	http://www.paullee.com/ghosts/gwn.php	The former home of Count Bentinck in Heacham is said to be haunted by his lingering presence, characterized by the smell of shag tobacco and spectral party sounds. ghost
52.78691	0.73784	The Phantoms of the Wartime Airfield	https://www.heritage.norfolk.gov.uk/record-details?MNF3685	The historic structures of the former RAF base extending into Helhoughton parish are frequently reported to be haunted by the residual echoes and spectral manifestations of wartime personnel. Visitors and investigators have encountered unexplained sounds, shadowy figures, and eerie phenomena lingering around the old control tower and command bunkers. ghost
52.57947	1.40999	The Glowing Warriors	https://www.norfolkfolkloresociety.co.uk/post/the-glowing-warriors-of-hellington	Ghostly lights flicker across Hellington Common at dusk, believed by locals to be the restless spirits of ancient warriors from historic battles. approx ghost
52.56748	1.1747	The Wandering Airman of Hethel	http://www.wcremembered.co.uk/ghosts.html	Following his death from combat wounds at a nearby medical facility, the spirit of a USAAF bomber crew member continually walks the nocturnal path back to his wartime airfield. Local residents report encountering his phantom figure roaming between the hospital grounds and the old base. ghost
52.59729	1.17483	The Faines of Hethersett	https://www.norfolkfolkloresociety.co.uk/post/the-faines-of-hethersett	Calf-sized spectral creatures with glowing saucer-eyes and phantom hounds have historically haunted rural lanes and open fields in Hethersett. ghost
52.73474	1.57038	The Phantom Drummer Boy of Hickling Broad	https://ghostcatcherisles.com/2023/12/16/drumbeats-of-the-past-uncle-geralds-fateful-meeting-with-the-hickling-drummer-boy/	On cold February evenings, the ghost of an 1815 drummer boy who drowned while skating across Hickling Broad to meet his forbidden lover can still be heard beating his drum across the ice. approx ghost
52.55669	0.39155	The Pin and the Church Ghost	https://www.hiddenea.com/norfolkh.htm	In 1940s Hilgay, children believed that sticking a pin into the door of All Saints church and running around the building three times would summon a ghost. ghost
52.57939	0.98384	The Grey Lady of the Dog Inn	https://www.norfolkpubs.co.uk/norfolkh/hingham/hingdog.htm	A spectral grey lady frequently haunted a young child's bedroom at the Dog Inn in Hingham, sitting at the foot of the bed while the family dog refused to enter the room. private ghost
52.63298	0.78692	The Midnight Coach of Holme Hale Dale	https://norfolkfolkloresociety.substack.com/p/norfolk-folklore-society-march-2024-a10	A spectral carriage pulled by headless horses and driven by a headless coachman relives a fatal runaway accident at midnight. On certain nights, the phantom coach hurtles down Holme Hale Dale and overturns with an unearthly scream. approx ghost
52.79932	1.44873	The Ghost Donkey of Honing	https://www.eadt.co.uk/news/21271015.many-26-mythical-beasts-east-heard/	A translucent white donkey exhaling sulphurous smoke haunts the grounds of St Peter and St Paul church in Honing. The spectral animal terrifies onlookers by galloping at high speed and phasing straight through solid masonry. ghost
52.75423	1.62626	The Devil's Visit to Brograve Mill	https://nationalparks.uk/2024/09/30/discover-folklore-of-the-broads/	After losing a wager against the devil, a hard-drinking landowner locked himself inside a remote drainage mill where his spirit and phantom rider continue to haunt the surrounding wetlands. ghost
52.7242	1.356	The Phantom of Horstead Mill Pond	https://www.hiddenea.com/norfolkh.htm	A heartbroken servant girl who drowned herself after being abandoned by her lover is said to haunt the waters, appearing with a spectral apparition of her own lifeless body in her arms. Witnesses occasionally report seeing her near the site of the old mill. ghost
52.94721	0.51694	The Ghostly Carpet of Hunstanton Hall	https://www.visitwestnorfolk.com/news/13-haunted-locations-in-and-around-kings-lynn/	Following the destruction and distribution of her cherished Persian rug, an 18th-century matriarch returned from the dead to haunt her ancestral estate. The vengeful spirit of Dame Armine Le Strange continues to pace the corridors of Hunstanton Hall in lingering fury. private ghost
52.77904	1.54388	The Transparent Lady of Ingham	https://norfolkfolkloresociety.substack.com/p/norfolk-folkloresociety-november-c1d	A transparent ghostly figure haunts the old gravel pit behind Holy Trinity Church in Ingham, where nineteenth-century church renovations also uncovered nineteen skeletons guarding a secret underground passage. ghost
52.86638	0.50824	The Phantom Carriage of Ingoldisthorpe Manor	http://www.paullee.com/ghosts/gwn.php	A spectral carriage carrying a former resident has been witnessed departing the long-lost Ingoldisthorpe Manor and heading towards Mount Amelia Hall. Local teenagers who staked out the route in the 1950s famously swore they saw the ghostly vehicle pass by. ghost
52.82988	1.18895	Itteringham Mill Ghost	https://www.norfolkmills.co.uk/Watermills/itteringham-ghost.html	An ancient miller's ghost haunts his former watermill on the River Bure after it is converted into a modern residence, confronting the renovator about the changes made to the machinery. private ghost
52.75729	0.39706	The Haunting of the Exorcist's House	https://flickeringlamps.com/2017/04/07/a-17th-century-cottage-with-an-unusual-past-the-exorcists-house-of-kings-lynn/	Following the death of its eccentric former occupant, a 17th-century cottage in King's Lynn became haunted by the apparition of his late wife. Subsequent residents of the historic home have reported sighting her ghost in the living room. private ghost
52.80923	1.56646	The Phantom Hound of Eccles Sand Dunes	https://www.hiddenea.com/shuckland/lessingham.htm	A spectral black hound with fiery eyes haunts the midnight dunes near Lessingham, bringing fatal doom to anyone who meets its gaze. ghost
52.90661	1.0634	The Ghost of Lord Cozens-Hardy	https://ipo.blog.gov.uk/2017/08/08/summer-destinations-for-creatives-and-inventives/	Patrons visiting a Norfolk village pub were once so unnerved by the spectral presence of a former judge that they refused to walk home alone at night. ghost
52.76948	1.45284	The Silent Sailor of Smallburgh	https://canalriverhub.co.uk/ghost-stories-uk-canal-system/	Passers-by near Smallburgh have reported seeing a spectral sailor standing motionless and gazing out at the canal. He is believed to be a mariner who met his tragic fate in the canal waters and now eternally watches over them. approx ghost
52.87926	0.51085	The Snettisham Ghost Who Asked for a Favour	https://www.edp24.co.uk/lifestyle/20711644.weird-norfolk-snettisham-ghost-asked-favour/	In 1893, a reluctant psychic named Mrs Goodeve was visited in the night by spirits who instructed her to travel to Snettisham and deliver a posthumous message. She faithfully followed their detailed nocturnal instructions to meet at St Mary's Church and pass a final token to the deceased man's daughter. ghost
52.52614	0.39044	The Spectral Wolf of Southery	https://www.norfolkfolkloresociety.co.uk/post/the-spectral-wolf-of-southery	A monstrous, donkey-sized spectral wolf haunts the ruined church of St Mary in Southery on its annual feast day. Hearing the phantom beast's terrifying howl is said to bring certain death within a year. ghost
52.88922	1.38047	The Lantern Man of Jack o' Lantern's Lane	https://www.edp24.co.uk/news/20750646.weird-norfolk-ghostly-lantern-man-alderfen-broad/	A malevolent ghostly light known as the Lantern Man haunts the remote lane connecting Gimingham and Southrepps, terrorising unwary travellers. Anyone who crosses his path risks having their lights smashed or being relentlessly pursued to their homes. ghost
52.68825	1.30965	The Spectres of Spixworth Hall	https://www.edp24.co.uk/news/20758588.weird-norfolk-man-plaything-ghosts-dark-wild-night-one-weird-old-houses-spixworth/	While staying overnight at the Elizabethan Spixworth Hall, young Arthur Longe was visited in strict succession by a glowing apparition of an old watchman, a phantom woman holding a candle, and a terrifying midnight shriek. private ghost
52.53318	1.0756	The Phantom of Dinah's Lane	https://www.spoonerrow.f2s.com/historic.htm	Local folklore recalls the tragic fate of Dinah Bunting, a woman who was hanged from a tree for theft and whose name endures along a quiet lane in Spooner Row. Her lingering spirit is said to haunt the route where she met her execution. ghost
52.53824	1.62408	The Apparition of St Olave's Priory	https://www.mirror.co.uk/news/uk-news/moment-creepy-apparition-monk-captured-33654962	Ghost hunters investigating long-standing reports of a ghostly monk at a ruined medieval priory captured footage of an inexplicable white figure lurking in a doorway. Upon reviewing their video evidence, the investigators confirmed the apparition could not be debunked as light glare or reflection. ghost
52.77187	1.51643	The Spirit Photographs of St Mary's Church	http://www.greatbritishghosttour.co.uk/Pages/England/Norfolk/Stalham.html	Dating back to the 14th century, St Mary's Church in Stalham became famous when unexplained spirit photographs were captured inside its ancient walls. ghost
52.95996	0.9378	The Screaming Cockler of Blacknock Sandbank	https://historyofnorfolk.com/northnorfolk/nancy-screaming-cockler/	A headstrong 19th-century cockler named Nancy refused to leave the mudflats before filling her sack, becoming trapped by a sudden dense fog and rising tide. She drowned while screaming curses at the elements, and her vengeful spirit now haunts the Stiffkey saltmarshes. approx ghost
52.73239	1.29044	The Burial of the Fiddler	https://www.hiddenea.com/norfolks.htm	A musician and his cart are said to lie interred beneath a tree-shrouded earthwork known as Fiddler's Hill. ghost
52.6187	1.47732	The Cursed Goat's Head of Strumpshaw	https://www.edp24.co.uk/news/20811349.weird-norfolk-cursed-goats-head-strumpshaw/	A mounted goat's head brought to a Norfolk pub in 1908 unleashed decades of poltergeist activity, tragic accidents, and bizarre hauntings that persisted even after repeated attempts to destroy or banish the relic. ghost
52.61664	1.40861	The Ghostly Patron of the Ferry House	https://surlinghamferry.co.uk/our-history/	A phantom man and his loyal dog are said to haunt a historic riverside inn, mysteriously making any half-pints of beer left out overnight disappear. ghost
52.64894	0.68921	The Phantoms of The George Hotel	https://timesofindia.indiatimes.com/travel/destinations/the-gay-ghost-of-the-george-hotel/articleshow/36764145.cms	Ghost hunters investigating a historic Norfolk coaching inn discover multiple active spirits, including the infamous Green Lady and an unexpected mischievous presence in the dry store room. Guests and staff report chilling encounters ranging from unnerving room disturbances to physical contact. ghost
52.71621	0.98801	The Phantom Hound of Swanton Morley	https://www.hiddenea.com/shuckland/swantonmorley.htm	In the winter of 1939, a young soldier cycling past All Saints Church in Swanton Morley was unexpectedly accompanied by a large, silent black dog along a country lane. ghost
52.84736	0.99794	The Mystery of the Swanton Novers Rectory	http://strangeco.blogspot.com/2014/06/newspaper-clipping-of-day_4.html	In 1919, the rectory in Swanton Novers was besieged by inexplicable showers of water and inflammable liquids dripping from its ceilings, leading to a sensational investigation and accusations against a young servant girl. private ghost
52.52843	1.24697	The Apparition of Amy Robsart	https://flordonhistory.webnode.page/rainthorpe-hall/	The tragic Elizabethan noblewoman Amy Robsart is said to haunt the grounds of Rainthorpe Hall every September. On the anniversary of her death, her apparition appears in the gardens alongside a gentleman. private ghost
52.67739	1.20833	The Deserter of Ghosthill Wood	https://www.norfolklive.co.uk/news/history/paranormal-haunted-woodland-taverham-norfolk-5889319	Ghosthill Wood is haunted by the spirit of a First World War deserter who accidentally trapped and hanged himself at the top of a tree, as well as the phantoms of ancient Saxon warriors. ghost
52.76304	0.28169	The Phantom Hound of Beacon Hill Farm	https://www.hiddenea.com/shuckland/terringtonstclement.htm	Walking near a farmhouse in Terrington St Clement prior to the First World War, a local woman encountered a spectral black hound that proved to be entirely incorporeal. When she attempted to stroke the dog walking beside her, her hand passed straight through its form. ghost
52.96646	0.57178	The Haunting of Thornham Staithe	https://www.worldofbooks.com/products/haunting-of-thornham-staithe-book-james-warden-9781803810454	Unexplained deaths and terrifying hauntings grip a Norfolk coastal village, leading the local vicar and two paranormal investigators to uncover a dark supernatural threat. When the village historian is pushed to the brink of madness and a former Deliverance Minister must be summoned, the community faces perilous consequences. approx ghost
52.68206	1.5499	The Ghost of Thurne Mouth	https://ludchurchmyblog.wordpress.com/places-further-afield/ghosts-and-legends-of-the-norfolk-broads/about/the-ghost-of-thurne-mouth/	Following a violent murder driven by romantic jealousy and family betrayal, the restless ghost of a local bailiff wanders the marshes near the mouth of the River Thurne. approx ghost
52.86035	0.93518	Old Tom	https://newsfromnorfolk.uk/2018/10/24/old-tom-a-ghost-story/	A disfigured veteran of the Irish Wars named Old Tom, who lived in Thursford Wood, would visit the local parsonage on autumn nights before his spirit became a haunting presence in the village. Years later, his ghostly figure and tapping crutch are said to still roam Thursford Wood and the surrounding low roads. ghost
52.46142	1.1506	The Ghostly Tannoy Voice of Tibenham Airbase	https://hauntedhosts.com/haunted-places/norfolk/location/12481-ghostly-tannoy-voice/	An abandoned World War II airfield in Norfolk is haunted by phantom sounds, including an echoing tannoy voice barking orders and the rumble of a warming bomber engine. Witnesses have reported hearing these spectral broadcasts long after the base's operational years. ghost
52.72377	0.30596	The Haunting of Ivy Farm	http://www.paullee.com/ghosts/gwn.php	Occupants of a historic farmhouse in Tilney All Saints have reported eerie phenomena and unsettling presences within its walls. Subsequent residents investigated the property's reputation for unexplainable activity. ghost
52.61126	1.32111	The Weeping White Ghost Horse	https://www.eadt.co.uk/news/21271015.many-26-mythical-beasts-east-heard/	Following a tragic drowning in the freezing waters of the River Yare, a phantom white horse with tear-filled eyes has been reported roaming the village of Trowse. The mournful apparition is linked to a mother who slipped beneath the ice while her young son watched helplessly from the riverbank. approx ghost
52.93117	1.18883	The Sheringham Mermaid	https://www.hiddenea.com/norfolku.htm	Drawn inland by the sound of church singing, a mermaid was barred from entering a village church before managing to sneak inside. Her presence is commemorated to this day by a carved wooden bench end. ghost
52.83891	1.50979	The Long Coastguardsman	https://www.edp24.co.uk/lifestyle/20619282.norfolk-cliff-haunted-ghostly-coastguard/	Betrayed by a double-crossing informant and brutally murdered by smugglers on the Norfolk coast, a coastguardsman's spirit is condemned to endlessly patrol his final post. ghost
52.93105	0.91638	The Fiddler of Fiddler's Hill	https://www.hiddenea.com/norfolkb.htm	A local fiddler and his dog entered a subterranean monk's tunnel beneath an ancient Norfolk mound, but only the terrified dog returned while the musician vanished forever. Alongside his disappearance, the apparition of a black monk continues to haunt the site. ghost
52.56034	0.8354	The Ghosts of Wayland Wood	https://benorfolk.co.uk/activities/the-legend-of-babes-in-wayland-wood/	The spirits of two young orphaned children, abandoned in a dark Norfolk forest by their treacherous uncle seeking an inheritance, are said to wander the trees wailing in the dark. ghost
52.77978	1.61612	The Ancestral Banquet of Waxham Hall	https://occult-world.com/waxham-hall/	On New Year's Eve, an eccentric Norfolk baronet hosted a ghostly banquet for the shades of his ancestors in his ancestral home. As midnight struck, the phantom guests vanished, leaving him alone in the freezing hall. private ghost
52.74964	0.73434	Grey Lady of Weasenham Woods	https://www.yorkghostmerchants.com/ghost-stories-shortlisted/project-one-r7h53-dklz7-r5993-g6msr-4lth8	While staying at her late great aunt's cottage in Weasenham, a recovering librarian experiences a terrifying encounter with the grey lady of Weasenham Woods during her autumn evening walks. approx ghost
52.47106	0.61636	The Phantoms of Weeting Castle	https://great-castles.com/weetingghost.html	Visitors to the medieval ruins of Weeting Castle have reported paranormal phenomena, including unexplained mists, disembodied voices, and encounters with the spectral hound Black Shuck. ghost
52.93534	0.8493	The Tragedy of Cuckoo Lodge	https://normaexplores.substack.com/p/three-haunted-places-of-norfolk	Cuckoo Lodge at Gallows Hill in Wells-next-the-Sea is haunted by the tragic spirit of a young girl who drowned in its deep garden well near a historic execution crossroads. ghost
52.5911	0.46003	The Pig-Faced Monk of West Dereham	https://www.hiddenea.com/norfolkw.htm	A spiteful ghost of a monk with a pig-like face is said to haunt West Dereham after resenting the construction of a secret tunnel built to hide his facial deformity. The subterranean passage allegedly connected St. Andrew's Church to the 12th-century abbey. ghost
52.78697	0.73773	The Phantoms of RAF West Raynham	https://ghostcatcherisles.com/tag/raf-west-raynham/	The abandoned buildings of a World War II air station are plagued by multiple restless spirits, including a downed Polish pilot and a tragic mechanic. Their lingering presences continue to haunt the officer's mess, chapel, and armoury. ghost
52.84053	1.2105	The White Lady of Wolterton Hall	https://occult-world.com/wolterton-hall/	A spectral white lady is said to haunt Wolterton Hall to warn the Walpole family of impending tragedy or death. Additionally, a phantom hearse and the spirit of Lady Walpole are reported to roam the estate. ghost
52.7829	1.41187	The White Lady of St Mary's Church	https://www.thewhitelady.co.uk/story	A ghostly white lady haunts St Mary's Church in Worstead, having reportedly frightened a skeptic to death on Christmas Eve and later appearing clearly in a 1975 tourist photograph. While some traditions warn that seeing her foretells doom, visitors have also experienced her presence as a comforting and healing influence. ghost
52.70238	1.40191	The Care Home Apparition	https://ghostcatcherisles.com/2009/07/09/paranormal-experience-wroxham-norfolk-uk/	An assistant manager staying in an upstairs flat of a century-old care home in Wroxham witnessed a grey mist transform into a human figure at midnight. The building is also said to be haunted by the spirit of a World War II Italian prisoner of war and other unexplained phenomena. private ghost
52.5703	1.10815	The Phantoms of the Reformation Choir	https://thehauntedhub.co.uk/norfolk/wymondham-abbey/	During evensong, disembodied voices fill the empty pews of the abbey while mysterious candlelight flickers in the dark. These spectral monks and parishioners are said to be souls lost during the Reformation. ghost
51.63797	-2.34806	The Ancient Ram Inn (Booking required)	https://ancientraminn.co.uk/
52.63385	1.30309	Adam and Eve Pub
52.81151	1.23149	Blickling Hall
54.39352	-2.93006	Calgarth Hall	https://www.mysteriousbritain.co.uk/hauntings/calgarth-hall/
54.15661	-3.08515	Muncaster Castle	https://www.muncaster.co.uk/
54.37985	-2.8374	Reston Hall (Accomodation) - it is said Robert Bateman lingers in the grounds	http://www.restonhall.co.uk/
54.46417	-2.92525	Kirkstone Pass Inn (closed!) - is said to host all flavours of spookery	https://www.hauntedrooms.co.uk/product/kirkstone-pass-inn-ambleside-cumbria
54.42238	-2.98599	Grey Friars Lodge (now private)	https://www.paranormaldatabase.com/cumbria/cumbdata.php?pageNum_paradata=2&totalRows_paradata=97
54.38321	-3.00111	The White-robed woman wanders this road
54.35272	-2.99067	'Old Nelly' (murdered for her bag of guineas)
54.52679	-3.01728	A 1930's Climber is often seen here
54.61923	-3.05092	The Horse and Farrier Pub - Home to Fred the friendly ghost	https://www.horseandfarrier.com/about-us
54.63429	-2.81123	Dalemain house - The Solar tower is haunted by a chap in a dark brown coat	https://www.dalemain.com
54.66997	-2.87677	Greystoke Castle - Haunted by both a monk and a butler!	https://www.greystokecastle.co.uk/history/
54.64807	-2.73289	Brougham Hall - a troublesome skull	https://esmeraldamac.wordpress.com/2011/07/18/mind-yer-head/
54.33086	-2.74056	The Castle Dairy - Marching Roman Soldiers
54.25903	-2.77629	Levens Hall - 4 ghosts for the price of 1 - Grey lady, Pink Lady, Black Dog, White Deer
54.21115	-2.88947	Castle Head - Rattling chains, Groans and Footsteps
54.41848	-3.43875	The Lion and Lamb - Several ghosts including a Grey Lady
54.691	-3.30708	Isel Hall - Lady in a blue dress
61.22308	-149.63569	A Native Alaskan woman, murdered in 1987	https://www.valerievalise.com/haunted-places-in-anchorage/
54.108	-1.449	Specter of Newby Church	https://en.wikipedia.org/wiki/Spectre_of_Newby_Church
47.85417	12.12975	Rosenheim Poltergeist	https://en.wikipedia.org/wiki/Rosenheim_poltergeist_claim
53.53	-0.13	Black Lady of Bradley Woods	https://en.wikipedia.org/wiki/Black_Lady_of_Bradley_Woods
44.7425	-118.2041	Joe Bush	https://en.wikipedia.org/wiki/Joe_Bush_(ghost)
53.1375	-0.34638	Metheringham Lass	https://en.wikipedia.org/wiki/Metheringham_Lass
52.14408	0.33334	Shug Monkey	https://en.wikipedia.org/wiki/Shug_Monkey
22.44429	114.01073	Tat Tak School	https://en.wikipedia.org/wiki/Tat_Tak_School	The source of some of Hong Kong's oldest ghost stories, and one of the most haunted locations in Hong Kong.
30.39313	-81.43058	King House	https://en.wikipedia.org/wiki/King_House_(Mayport)	Believed to be haunted by the spirit of a sailor.
40.41237	-3.70432	Tirso de Molina (metro station)	https://www.grunge.com/1250746/ghost-trains-around-world/	Madrid’s Tirso de Molina station is said to be haunted by the cries of reburied monks and ghostly passengers, while Santiago Bernabéu station allegedly links to Lima, Peru, via mysterious tunnels.
13.71466	100.60752	Mae Nak Phra Khanong	https://en.wikipedia.org/wiki/Mae_Nak_Phra_Khanong	Mae Nak Phra Khanong is a renowned Thai ghost story about a woman who died in childbirth but remained to stay with her beloved husband. Venerated at a shrine near Bangkok’s Wat Mahabut, her tale has inspired countless films, TV shows, and cultural references in Thailand.
38.27645	140.87177	Chōchin kozō	https://yokai.com/chouchinkozou/	Chōchin kozō is a benign yōkai that appears as a young boy, about 12-13 years old, with a bright red face resembling ground cherries. It carries a paper lantern and can be seen on rainy nights in areas where violent crimes have occurred, particularly in the Aoba Ward of Sendai, Miyagi Prefecture.
33.60106	129.85109	Daki	https://yokai.com/daki/	Daki is a terrifying woman from Japanese folklore who haunts seaside cliffs in Saga Prefecture, feeding on human lifeblood. She lures fishermen to their deaths by begging for fish near bonfires, then attacks and drains their life force.
33.51251	139.69981	Kainan hōshi	https://yokai.com/kainanhoushi/	Kainan hōshi, also known as the shipwreck priest, is a Japanese yokai that appears as the ghost of a drowned shipwreck victim. According to legend, these spirits roam the ocean waters around the Izu Islands and are believed to bring disaster to those who encounter them.
37.56204	140.10386	Kame hime	https://yokai.com/kamehime/	Kame hime is a spirit who haunts Inawashiro Castle, located in present-day Fukushima Prefecture. She is known to be reclusive and communicates with people through other yokai, such as shunobon and shitanaga uba.
34.99317	135.78376	Kazenbō	https://yokai.com/kazenbou/	Kazenbō is a yōkai from Japanese folklore that appears as a monk being burnt alive, wreathed in flames. It is said to haunt Toribeyama, a mountain in Kyoto where many nobility members and monks were cremated during epidemics and ritual sacrifices.
39.96835	-75.17264	Eastern State Penitentiary	https://www.visitphilly.com/things-to-do/attractions/eastern-state-penitentiary
-32.04772	115.75388	Fremantle Arts Centre	http://www.theparanormalguide.com/blog/fremantle-arts-centre	The Fremantle Arts Centre, originally the Fremantle Lunatic Asylum, is considered one of Western Australia's most haunted locations due to its dark history of overcrowding, abuse, and tragic deaths. Ghostly encounters, such as apparitions, cold spots, and unexplained sounds, are commonly reported, especially on the building's first floor.
33.43351	-79.12188	The Gray Man of Pawleys Island	http://www.theparanormalguide.com/blog/the-gray-man-of-pawleys-island	The Gray Man of Pawleys Island is a legendary ghost said to appear before major storms, warning those who see him to evacuate, with their homes often spared from destruction. Originating from the tragic death of a young man in the early 1800s, sightings of the Gray Man have continued for over two centuries, always preceding devastating hurricanes.
-31.96037	115.87409	Perth Girls Orphanage	http://www.theparanormalguide.com/blog/perth-girls-orphanage	The former Perth Girls Orphanage in Western Australia is rumored to be haunted by the spirits of deceased orphans, with many nighttime workers abruptly resigning after unsettling encounters. Though historical records of cruelty are scarce, past deaths from illness and whispers of mistreatment may have left a lasting, ghostly imprint on the old building.
-43.14863	147.84799	Port Arthur	http://www.theparanormalguide.com/blog/port-arthur	Port Arthur, once a brutal penal colony in Tasmania, is now one of Australia's most haunted sites, where visitors report ghostly apparitions, eerie sounds, and chilling sensations. Hauntings are tied to its grim history of suffering and death, particularly at the asylum, parsonage, and the mass graves of the Isle of the Dead.
53.23266	-0.53425	Greestone Stairs' Ghosts	https://lincolnshirefolktalesproject.com/2024/02/20/greestone-stairs-ghosts	Greestone Stairs is said to be haunted by a nun with a hidden baby, a cleric who hanged himself, and even the bouncing head of St Hugh. The steep passage by the cathedral has become a hotspot for ghost walks and eerie local lore	#attrib
53.53469	-0.12527	The Black Lady of Bradley Woods	https://lincolnshirefolktalesproject.com/2024/02/20/the-black-lady-of-bradley-woods	A weeping woman in black is said to haunt Bradley Woods, mourning a husband killed in war and a child stolen by soldiers. The ghostly legend doubles as a cautionary tale, with children daring one another to summon her by taunting her loss	#attrib
53.13207	0.33599	A skeleton at the Vine Hotel	https://lincolnshirefolktalesproject.com/2024/02/20/the-excise-officer	At the Vine Hotel on the smuggler-haunted coast, renovations revealed a bricked-up skeleton said to be an excise officer—murdered, hidden, and now blamed for ghostly disturbances. Whether he was truly a customs man or just a convenient legend, the tale fits a shoreline once thick with contraband and quiet killings	#attrib
53.23478	-0.5383	White Hart Hotel	https://lincolnshirefolktalesproject.com/2024/02/20/white-hart-hotel-ghosts	The White Hart Hotel in Lincoln is said to be haunted by several ghosts, including a former owner looking for his stolen pickle jar and a robber killed by a coachman’s torch. These tales have become part of the city’s ghost-walk lore	#attrib
53.523	-0.81721	Poltergeist at Epworth Old Rectory	https://lincolnshirefolktalesproject.com/2024/02/20/old-jeffrey	Epworth Rectory was said to be haunted for months by a noisy, mischievous spirit the Wesleys nicknamed “Old Jeffrey, ” who banged, thumped, and disturbed the attic before suddenly falling silent. The poltergeist became famous, inspiring later ghost stories and keeping its legend aliv	#attrib
53.16574	-0.41383	The Ghost of Nocton Hall	https://lincolnshirefolktalesproject.com/2024/02/20/nocton-hall-ghosts	Nocton Hall was said to be haunted by a weeping young woman who appeared at 4:30am in a particular bedroom, muttering about a “devilish man, ” and by a grey lady who wandered the grounds. The ghost was popularly linked to a murdered servant in local lore, and the nearby wartime hospital gained its own haunting reputatio	#attrib
52.88004	-0.67222	Ghosts at Harlaxton Manor	https://lincolnshirefolktalesproject.com/2024/02/21/harlaxton-manor-ghosts	Harlaxton Manor was linked to ghostly sightings, including the spirit of a woman with a baby said to have died in the Clock Room’s fire, and the Jesuits who lived there later performed a much-talked-about exorcism. Earlier legends also claimed a man once leapt between two marked stones in joy when Charles I passed by	#attrib
53.22015	-0.65374	Doddington Hall	https://lincolnshirefolktalesproject.com/2024/02/20/doddington-hall-ghosts	A young woman’s ghost is said to jump screaming from the roof of Doddington Hall. In life, she was fleeing the unwanted advances of a squire or the house’s master	#attrib
53.23621	-0.54246	William Clarke & his Dog at Strugglers' Inn	https://lincolnshirefolktalesproject.com/2024/02/20/william-clarke-his-dog	After poacher William Clarke was hanged in 1877, his loyal dog was stuffed and kept at a nearby inn, and its ghost was later said to scratch at the door searching for its master. The tale blends grim local history with a small ghost story about enduring loyalty	#attrib
53.4414	-0.20262	Clubfoot	https://lincolnshirefolktalesproject.com/2024/02/22/clubfoot	“Clubfoot” is the ghost of an Australian airman at the former RAF Binbrook base, said to have been killed while trying to sabotage a bomber after a bitter injury dispute. He is reportedly seen on the old runway and perimeter track, waving frantically to be noticed	#attrib
53.54609	-0.33047	The Ghost of Gibbery Gap	https://lincolnshirefolktalesproject.com/2024/04/18/gibbery-gap	Gory images ahead... A dying Royalist soldier in the Civil War is said to have staggered from Micklow Hill toward Kirmington with his entrails carried in his cap, collapsing at a hedge-gap now called Gibbery Gap. Nothing is said to grow where he crossed, and his ghost allegedly still reels through the gap at night	#attrib
53.16522	0.11818	Halton Holegate Haunting	https://lincolnshirefolktalesproject.com/2024/06/06/halton-holegate-haunting	A 19th-century farmhouse in Halton Holegate was said to be haunted by noises and the shadowy figure of a hunched old man, until the owners unearthed bones, a ring, and scraps of silk beneath the sitting-room floor. After the remains were reburied the apparition ceased, though odd sounds continued, and the tale lingered in local legend	#attrib
53.17755	0.19021	Gunby Hall Ghost	https://lincolnshirefolktalesproject.com/2024/06/20/gunby-hall-ghost	Gunby Hall is said to be haunted because Sir William Massingberd allegedly murdered his daughter’s lover and drowned the body, before killing his daughter herself to prevent their elopement. The vengeful spirit and a supposed family curse—no male heir ever inheriting Gunby—gave rise to the estate’s “Ghost Walk” and ongoing ghost lore	#attrib
53.35833	-0.02428	The Soldier and the Dog	https://lincolnshirefolktalesproject.com/2024/06/20/the-soldier-and-the-dog	A young woman in Hubbard’s Hills loses her terrier down a rabbit hole, and a Scottish soldier stops to help her. They grow close, eventually marry after he returns from the Western Front, and live a long life together. After his death, a ghostly vision of the soldier with a small dog is said to appear at the spot where they first met	#attrib
53.29231	-0.01884	Maidenwell - Coach and horses	https://lincolnshirefolktalesproject.com/2024/07/16/maidenwell-coach-and-horses	A phantom coach and horses is said to pass along Oslear’s Lane in Maidenwell, driven by a coachman who carries his own severed head beside him. In another linked legend, the place-name is explained by a tale of a young woman thrown down a well by Cromwell’s soldiers	#attrib
52.79347	-0.59196	Twyford Wood (RAF North Witham)	https://lincolnshirefolktalesproject.com/2025/04/13/twyford-woods	After RAF North Witham closed, the returning woodland grew over its runways and buildings, and locals began to tell small ghost stories about figures seen and vanishing around the old control tower. These brief hauntings never formed a full tale, but linger as memorates passed around the area	#attrib
-23.54958	-46.64069	Joelma Building	https://en.wikipedia.org/wiki/Joelma_Building
-27.4993	153.0332	Princess Alexandra Hospital - Brisbane	https://en.wikipedia.org/wiki/Princess_Alexandra_Hospital,_Brisbane
-27.8623	153.315	BuzzSaw (roller coaster)	https://en.wikipedia.org/wiki/BuzzSaw_(roller_coaster)
-33.8148	151.288	North Head Quarantine Station	https://en.wikipedia.org/wiki/North_Head_Quarantine_Station
-34.58805	-58.39305	La Recoleta Cemetery	https://en.wikipedia.org/wiki/La_Recoleta_Cemetery
-34.8683	147.57581	Monte Cristo Homestead	https://en.wikipedia.org/wiki/Monte_Cristo_Homestead
-35.30222	149.12972	Old Parliament House - Canberra	https://en.wikipedia.org/wiki/Old_Parliament_House,_Canberra
-36.3692	146.696	Beechworth Asylum	https://en.wikipedia.org/wiki/Beechworth_Asylum
-37.28	142.93	Aradale Mental Hospital	https://en.wikipedia.org/wiki/Aradale_Mental_Hospital
-37.81072	144.97235	Princess Theatre - Melbourne	https://en.wikipedia.org/wiki/Princess_Theatre,_Melbourne
-45.86166	170.62721	Larnach Castle	https://en.wikipedia.org/wiki/Larnach_Castle
-6.13506	106.81329	Jakarta History Museum	https://en.wikipedia.org/wiki/Jakarta_History_Museum
-6.13595	106.811	Toko Merah	https://en.wikipedia.org/wiki/Toko_Merah
-6.28002	106.81452	Jeruk Purut Cemetery	https://en.wikipedia.org/wiki/Jeruk_Purut_Cemetery
-6.98393	110.41056	Lawang Sewu	https://en.wikipedia.org/wiki/Lawang_Sewu
1.27277	103.83805	Tanjong Pagar Railway Station	https://en.wikipedia.org/wiki/Tanjong_Pagar_Railway_Station
1.30395	103.92637	East Coast Park	https://en.wikipedia.org/wiki/East_Coast_Park
1.37822	103.69137	Choa Chu Kang Cemetery	https://en.wikipedia.org/wiki/Choa_Chu_Kang_Cemetery
1.39102	103.98055	Changi Hospital	https://en.wikipedia.org/wiki/Changi_Hospital
10.29253	123.90586	Fort San Pedro	https://en.wikipedia.org/wiki/Fort_San_Pedro
10.30361	123.90638	Museo Sugbo	https://en.wikipedia.org/wiki/Museo_Sugbo
10.67649	122.95094	Negros Occidental Provincial Capitol	https://en.wikipedia.org/wiki/Negros_Occidental_Provincial_Capitol
10.70322	122.56876	National Museum Western Visayas	https://en.wikipedia.org/wiki/National_Museum_Western_Visayas
10.7102	122.9833	The Ruins (mansion)	https://en.wikipedia.org/wiki/The_Ruins_(mansion)
10.72691	122.55662	Casa Mariquit	https://en.wikipedia.org/wiki/Casa_Mariquit
10.76944	106.7	Ho Chi Minh City Museum of Fine Arts	https://en.wikipedia.org/wiki/Ho_Chi_Minh_City_Museum_of_Fine_Arts
10.80004	122.97315	Balay Negrense	https://en.wikipedia.org/wiki/Balay_Negrense
11.54944	104.91777	Tuol Sleng Genocide Museum	https://en.wikipedia.org/wiki/Tuol_Sleng_Genocide_Museum
13.06527	-59.53822	Christ Church Parish Church	https://en.wikipedia.org/wiki/Christ_Church_Parish_Church
13.71268	100.43519	Seacon Bangkae	https://en.wikipedia.org/wiki/Seacon_Bangkae
13.71368	100.52312	Teochew Cemetery (Bangkok)	https://en.wikipedia.org/wiki/Teochew_Cemetery_(Bangkok)
13.71722	100.51527	Sathorn Unique Tower	https://en.wikipedia.org/wiki/Sathorn_Unique_Tower
13.74436	100.54044	Erawan Shrine	https://en.wikipedia.org/wiki/Erawan_Shrine
13.74805	100.53282	Sa Pathum Palace	https://en.wikipedia.org/wiki/Sa_Pathum_Palace
13.75105	100.50107	Wat Suthat	https://en.wikipedia.org/wiki/Wat_Suthat
13.75849	100.51814	Phitsanulok Mansion	https://en.wikipedia.org/wiki/Phitsanulok_Mansion
13.76298	100.51201	Government House of Thailand	https://en.wikipedia.org/wiki/Government_House_of_Thailand
13.76305	100.47722	Wat Suwannaram	https://en.wikipedia.org/wiki/Wat_Suwannaram
13.83916	100.45166	Wat Prasat - Nonthaburi	https://en.wikipedia.org/wiki/Wat_Prasat,_Nonthaburi
13.84027	100.55583	Wat Samian Nari	https://en.wikipedia.org/wiki/Wat_Samian_Nari
14.1618	121.2427	Baker Memorial Hall	https://en.wikipedia.org/wiki/Baker_Memorial_Hall
14.2743	120.737	Bonifacio Trial House	https://en.wikipedia.org/wiki/Bonifacio_Trial_House
14.35583	100.55833	Wat Phra Sri Sanphet	https://en.wikipedia.org/wiki/Wat_Phra_Sri_Sanphet
14.35861	100.56722	Wat Ratchaburana - Ayutthaya	https://en.wikipedia.org/wiki/Wat_Ratchaburana,_Ayutthaya
14.3632	100.59005	Wat Kudi Dao	https://en.wikipedia.org/wiki/Wat_Kudi_Dao
14.38755	120.58928	Malinta Tunnel	https://en.wikipedia.org/wiki/Malinta_Tunnel
14.445	120.90694	Aguinaldo Shrine	https://en.wikipedia.org/wiki/Aguinaldo_Shrine
14.46472	121.19305	Binangonan Church	https://en.wikipedia.org/wiki/Binangonan_Church
14.50861	121.03718	Fort Bonifacio Tenement	https://en.wikipedia.org/wiki/Fort_Bonifacio_Tenement
14.51986	121.04427	Libingan ng mga Bayani	https://en.wikipedia.org/wiki/Libingan_ng_mga_Bayani
14.5325	121.045	Fort Bonifacio	https://en.wikipedia.org/wiki/Fort_Bonifacio
14.541	121.05	Manila American Cemetery	https://en.wikipedia.org/wiki/Manila_American_Cemetery
14.55055	120.98194	Manila Film Center	https://en.wikipedia.org/wiki/Manila_Film_Center
14.55825	120.98579	Cultural Center of the Philippines Complex	https://en.wikipedia.org/wiki/Cultural_Center_of_the_Philippines_Complex
14.56428	120.99378	Chapel of the Most Blessed Sacrament	https://en.wikipedia.org/wiki/Chapel_of_the_Most_Blessed_Sacrament
14.57777	120.98583	Philippine General Hospital	https://en.wikipedia.org/wiki/Philippine_General_Hospital
14.58132	120.9888	Paco Park	https://en.wikipedia.org/wiki/Paco_Park
14.58973	120.97514	Casa Manila	https://en.wikipedia.org/wiki/Casa_Manila
14.58979	120.98161	Manila City Hall	https://en.wikipedia.org/wiki/Manila_City_Hall
14.59049	121.05825	Saint Pedro Poveda College	https://en.wikipedia.org/wiki/Saint_Pedro_Poveda_College
14.59147	120.97356	Manila Cathedral	https://en.wikipedia.org/wiki/Manila_Cathedral
14.59385	120.99452	Malacañang Palace	https://en.wikipedia.org/wiki/Malaca%C3%B1ang_Palace
14.59416	120.98055	Manila Metropolitan Theater	https://en.wikipedia.org/wiki/Manila_Metropolitan_Theater
14.595	120.96944	Fort Santiago	https://en.wikipedia.org/wiki/Fort_Santiago
14.5955	120.9791	Manila Central Post Office	https://en.wikipedia.org/wiki/Manila_Central_Post_Office
14.59694	121.0554	La Salle Green Hills	https://en.wikipedia.org/wiki/La_Salle_Green_Hills
14.59927	120.38774	Las Casas Filipinas de Acuzar	https://en.wikipedia.org/wiki/Las_Casas_Filipinas_de_Acuzar
14.61	120.98944	Santo Tomas Internment Camp	https://en.wikipedia.org/wiki/Santo_Tomas_Internment_Camp
14.61083	120.99027	University of Santo Tomas Hospital	https://en.wikipedia.org/wiki/University_of_Santo_Tomas_Hospital
14.633	120.989	Manila North Cemetery	https://en.wikipedia.org/wiki/Manila_North_Cemetery
14.6343	121.02269	Capitol Medical Center	https://en.wikipedia.org/wiki/Capitol_Medical_Center
14.95838	120.96326	San Juan de Dios Church (San Rafael)	https://en.wikipedia.org/wiki/San_Juan_de_Dios_Church_(San_Rafael)
15.0509	73.98759	Agonda	https://en.wikipedia.org/wiki/Agonda
15.09641	120.93958	Bahay na Pula	https://en.wikipedia.org/wiki/Bahay_na_Pula
15.13572	120.59148	Pamintuan Mansion	https://en.wikipedia.org/wiki/Pamintuan_Mansion
15.18583	120.56027	Clark Air Base	https://en.wikipedia.org/wiki/Clark_Air_Base
15.31513	73.99589	D'Mello House	https://en.wikipedia.org/wiki/D%27Mello_House
16.3606	120.62	Philippine Military Academy	https://en.wikipedia.org/wiki/Philippine_Military_Academy
16.375	120.61944	Loakan Airport	https://en.wikipedia.org/wiki/Loakan_Airport
16.40955	120.60052	Casa Vallejo	https://en.wikipedia.org/wiki/Casa_Vallejo
16.4111	120.60472	Laperal White House	https://en.wikipedia.org/wiki/Laperal_White_House
16.41222	120.60806	Teacher's Camp	https://en.wikipedia.org/wiki/Teacher%27s_Camp
17.2386	78.4294	Rajiv Gandhi International Airport	https://en.wikipedia.org/wiki/Rajiv_Gandhi_International_Airport
17.2523	78.6802	Ramoji Film City	https://en.wikipedia.org/wiki/Ramoji_Film_City
18.51226	120.5979	Cape Bojeador Lighthouse	https://en.wikipedia.org/wiki/Cape_Bojeador_Lighthouse
18.51916	73.85527	Shaniwar Wada	https://en.wikipedia.org/wiki/Shaniwar_Wada
18.83972	98.95944	700th Anniversary Stadium	https://en.wikipedia.org/wiki/700th_Anniversary_Stadium
19.31596	-98.4711	Chautla Hacienda	https://en.wikipedia.org/wiki/Chautla_Hacienda
19.41305	-99.19777	Chapultepec	https://en.wikipedia.org/wiki/Chapultepec
19.43014	-99.13385	House of the Count De la Torre Cosío y la Cortina - Mexico City	https://en.wikipedia.org/wiki/House_of_the_Count_De_la_Torre_Cos%C3%ADo_y_la_Cortina,_Mexico_City
19.43277	-99.13305	Historic center of Mexico City	https://en.wikipedia.org/wiki/Historic_center_of_Mexico_City
19.435	-99.13138	Templo Mayor	https://en.wikipedia.org/wiki/Templo_Mayor
19.43611	-99.07194	Mexico City International Airport	https://en.wikipedia.org/wiki/Mexico_City_International_Airport
19.43638	-99.11305	Palacio de Lecumberri	https://en.wikipedia.org/wiki/Palacio_de_Lecumberri
19.43787	-99.13338	Palace of the Inquisition	https://en.wikipedia.org/wiki/Palace_of_the_Inquisition
2.74555	101.70972	Kuala Lumpur International Airport	https://en.wikipedia.org/wiki/Kuala_Lumpur_International_Airport
20.67689	-103.33733	Hospicio Cabañas	https://en.wikipedia.org/wiki/Hospicio_Caba%C3%B1as
20.67697	-103.347	Guadalajara Cathedral	https://en.wikipedia.org/wiki/Guadalajara_Cathedral
20.68305	-88.56861	Chichen Itza	https://en.wikipedia.org/wiki/Chichen_Itza
20.68753	-103.3449	Panteón de Belén	https://en.wikipedia.org/wiki/Pante%C3%B3n_de_Bel%C3%A9n
21.02	-101.26638	Mummies of Guanajuato	https://en.wikipedia.org/wiki/Mummies_of_Guanajuato
21.30662	-157.85895	ʻIolani Palace	https://en.wikipedia.org/wiki/%CA%BBIolani_Palace
22.1965	113.55	Guia Fortress	https://en.wikipedia.org/wiki/Guia_Fortress
22.19746	113.54086	Ruins of St. Paul's	https://en.wikipedia.org/wiki/Ruins_of_St._Paul%27s
22.2749	114.17	Nam Koo Terrace	https://en.wikipedia.org/wiki/Nam_Koo_Terrace
22.28194	114.23555	Hong Kong Museum of Coastal Defence	https://en.wikipedia.org/wiki/Hong_Kong_Museum_of_Coastal_Defence
22.2849	114.144	Sai Ying Pun Community Complex	https://en.wikipedia.org/wiki/Sai_Ying_Pun_Community_Complex
22.3219	114.183	King George V School - Hong Kong	https://en.wikipedia.org/wiki/King_George_V_School,_Hong_Kong
22.44385	88.3947	Ramakrishna Mission Vidyalaya - Narendrapur	https://en.wikipedia.org/wiki/Ramakrishna_Mission_Vidyalaya,_Narendrapur
22.44561	88.30327	Indian Institute of Management Calcutta	https://en.wikipedia.org/wiki/Indian_Institute_of_Management_Calcutta
22.48029	88.31137	Sabarna Sangrahashala	https://en.wikipedia.org/wiki/Sabarna_Sangrahashala
22.4848	88.3953	Satyajit Ray Film and Television Institute	https://en.wikipedia.org/wiki/Satyajit_Ray_Film_and_Television_Institute
22.493	88.355	Royal Calcutta Golf Club	https://en.wikipedia.org/wiki/Royal_Calcutta_Golf_Club
22.4942	88.3945	Kishore Bharati Krirangan	https://en.wikipedia.org/wiki/Kishore_Bharati_Krirangan
22.49938	88.31797	State Archaeological Museum	https://en.wikipedia.org/wiki/State_Archaeological_Museum
22.50722	88.34555	Rabindra Sarobar metro station	https://en.wikipedia.org/wiki/Rabindra_Sarobar_metro_station
22.51156	88.41296	Urbana - Kolkata	https://en.wikipedia.org/wiki/Urbana,_Kolkata
22.51166	88.35222	Rabindra Sarobar Stadium	https://en.wikipedia.org/wiki/Rabindra_Sarobar_Stadium
22.518	88.3544	Priya Cinema (Kolkata)	https://en.wikipedia.org/wiki/Priya_Cinema_(Kolkata)
22.52583	88.37	South Point School	https://en.wikipedia.org/wiki/South_Point_School
22.53055	88.365	Birla Mandir - Kolkata	https://en.wikipedia.org/wiki/Birla_Mandir,_Kolkata
22.53176	88.36143	Calcutta School of Music	https://en.wikipedia.org/wiki/Calcutta_School_of_Music
22.5332	88.33331	National Library of India	https://en.wikipedia.org/wiki/National_Library_of_India
22.53591	88.33205	Zoological Garden - Alipore	https://en.wikipedia.org/wiki/Zoological_Garden,_Alipore
22.53758	88.35124	Netaji Bhawan	https://en.wikipedia.org/wiki/Netaji_Bhawan
22.5421	88.3455	Nandan (Kolkata)	https://en.wikipedia.org/wiki/Nandan_(Kolkata)
22.54417	88.34667	St. Paul's Cathedral - Kolkata	https://en.wikipedia.org/wiki/St._Paul%27s_Cathedral,_Kolkata
22.54421	88.3715	Don Bosco School - Park Circus	https://en.wikipedia.org/wiki/Don_Bosco_School,_Park_Circus
22.5449	88.3425	Victoria Memorial - Kolkata	https://en.wikipedia.org/wiki/Victoria_Memorial,_Kolkata
22.54642	88.36988	Calcutta National Medical College	https://en.wikipedia.org/wiki/Calcutta_National_Medical_College
22.54656	88.36039	South Park Street Cemetery	https://en.wikipedia.org/wiki/South_Park_Street_Cemetery
22.54657	88.34606	Everest House (Kolkata)	https://en.wikipedia.org/wiki/Everest_House_(Kolkata)
22.5481	88.3014	Kolkata Port Trust	https://en.wikipedia.org/wiki/Kolkata_Port_Trust
22.54835	88.34975	The 42 (Kolkata)	https://en.wikipedia.org/wiki/The_42_(Kolkata)
22.54837	88.35596	St. Xavier's Collegiate School	https://en.wikipedia.org/wiki/St._Xavier%27s_Collegiate_School
22.55325	88.348	Chatterjee International Center	https://en.wikipedia.org/wiki/Chatterjee_International_Center
22.555	88.3656	St. James' School (Kolkata)	https://en.wikipedia.org/wiki/St._James%27_School_(Kolkata)
22.55638	88.31472	Shalimar railway station	https://en.wikipedia.org/wiki/Shalimar_railway_station
22.55719	88.3506	Government College of Art & Craft	https://en.wikipedia.org/wiki/Government_College_of_Art_%26_Craft
22.55777	88.33805	Fort William - India	https://en.wikipedia.org/wiki/Fort_William,_India
22.55947	88.34385	East Bengal Ground	https://en.wikipedia.org/wiki/East_Bengal_Ground
22.56055	88.28694	Acharya Jagadish Chandra Bose Indian Botanic Garden	https://en.wikipedia.org/wiki/Acharya_Jagadish_Chandra_Bose_Indian_Botanic_Garden
22.56203	88.34222	Mohun Bagan Ground	https://en.wikipedia.org/wiki/Mohun_Bagan_Ground
22.56234	88.34587	Mohammedan Sporting Ground	https://en.wikipedia.org/wiki/Mohammedan_Sporting_Ground
22.56278	88.3671	Calcutta Boys' School	https://en.wikipedia.org/wiki/Calcutta_Boys%27_School
22.5637	88.3516	Metropolitan Building (Kolkata)	https://en.wikipedia.org/wiki/Metropolitan_Building_(Kolkata)
22.56444	88.34333	Eden Gardens	https://en.wikipedia.org/wiki/Eden_Gardens
22.56551	88.35209	Tipu Sultan Mosque	https://en.wikipedia.org/wiki/Tipu_Sultan_Mosque
22.56612	88.34166	Netaji Indoor Stadium	https://en.wikipedia.org/wiki/Netaji_Indoor_Stadium
22.56638	88.34888	Esplanade Mansions - Kolkata	https://en.wikipedia.org/wiki/Esplanade_Mansions,_Kolkata
22.56726	88.34752	Raj Bhavan - Kolkata	https://en.wikipedia.org/wiki/Raj_Bhavan,_Kolkata
22.56796	88.3711	Sealdah railway station	https://en.wikipedia.org/wiki/Sealdah_railway_station
22.56888	88.40916	Salt Lake Stadium	https://en.wikipedia.org/wiki/Salt_Lake_Stadium
22.5699	88.34594	St. John's Church - Kolkata	https://en.wikipedia.org/wiki/St._John%27s_Church,_Kolkata
22.57055	88.35027	Currency Building	https://en.wikipedia.org/wiki/Currency_Building
22.57116	88.34691	Bankshall Court	https://en.wikipedia.org/wiki/Bankshall_Court
22.5716	88.34477	Metcalfe Hall	https://en.wikipedia.org/wiki/Metcalfe_Hall
22.5734	88.348	Black Hole of Calcutta	https://en.wikipedia.org/wiki/Black_Hole_of_Calcutta
22.57369	88.34963	Writers' Building	https://en.wikipedia.org/wiki/Writers%27_Building
22.57524	88.35992	Calcutta School of Tropical Medicine	https://en.wikipedia.org/wiki/Calcutta_School_of_Tropical_Medicine
22.57564	88.36298	Hare School	https://en.wikipedia.org/wiki/Hare_School
22.5761	88.36349	Hindu School - Kolkata	https://en.wikipedia.org/wiki/Hindu_School,_Kolkata
22.57615	88.36179	College Street Coffee House	https://en.wikipedia.org/wiki/College_Street_Coffee_House
22.5762	88.3608	Indian Institute of Social Welfare and Business Management	https://en.wikipedia.org/wiki/Indian_Institute_of_Social_Welfare_and_Business_Management
22.57768	88.35194	Magen David Synagogue (Kolkata)	https://en.wikipedia.org/wiki/Magen_David_Synagogue_(Kolkata)
22.57866	88.35272	Holy Rosary Cathedral - Kolkata	https://en.wikipedia.org/wiki/Holy_Rosary_Cathedral,_Kolkata
22.58198	88.44848	Nazrul Tirtha	https://en.wikipedia.org/wiki/Nazrul_Tirtha
22.58237	88.36014	Marble Palace (Kolkata)	https://en.wikipedia.org/wiki/Marble_Palace_(Kolkata)
22.58287	88.34281	Howrah railway station	https://en.wikipedia.org/wiki/Howrah_railway_station
22.585	88.3592	Jorasanko Thakur Bari	https://en.wikipedia.org/wiki/Jorasanko_Thakur_Bari
22.59162	88.37784	Calcutta Jain Temple	https://en.wikipedia.org/wiki/Calcutta_Jain_Temple
22.59166	88.41222	West Bengal University of Health Sciences	https://en.wikipedia.org/wiki/West_Bengal_University_of_Health_Sciences
22.59352	88.35169	Nimtala crematorium	https://en.wikipedia.org/wiki/Nimtala_crematorium
22.5971	88.36018	Scottish Church Collegiate School	https://en.wikipedia.org/wiki/Scottish_Church_Collegiate_School
22.60127	88.38414	Kolkata railway station	https://en.wikipedia.org/wiki/Kolkata_railway_station
22.61	88.37888	Tala tank	https://en.wikipedia.org/wiki/Tala_tank
22.626	88.3787	B. T. Road Government Sponsored H. S. School	https://en.wikipedia.org/wiki/B._T._Road_Government_Sponsored_H._S._School
22.63239	88.35651	Belur Math	https://en.wikipedia.org/wiki/Belur_Math
22.6345	88.37043	Baranagore Ramakrishna Mission Ashrama High School	https://en.wikipedia.org/wiki/Baranagore_Ramakrishna_Mission_Ashrama_High_School
22.64666	88.36833	Baranagar Math	https://en.wikipedia.org/wiki/Baranagar_Math
22.65388	88.44666	Netaji Subhas Chandra Bose International Airport	https://en.wikipedia.org/wiki/Netaji_Subhas_Chandra_Bose_International_Airport
22.655	88.35777	Dakshineswar Kali Temple	https://en.wikipedia.org/wiki/Dakshineswar_Kali_Temple
22.71769	88.47864	Barasat Stadium	https://en.wikipedia.org/wiki/Barasat_Stadium
22.88972	-109.91555	Cabo San Lucas	https://en.wikipedia.org/wiki/Cabo_San_Lucas
23.71903	90.38805	Lalbagh Fort	https://en.wikipedia.org/wiki/Lalbagh_Fort
23.7258	90.4016	Shahidullah Hall	https://en.wikipedia.org/wiki/Shahidullah_Hall
24.86	67.01	Mohatta Palace	https://en.wikipedia.org/wiki/Mohatta_Palace
25.26083	121.4775	Sanzhi UFO houses	https://en.wikipedia.org/wiki/Sanzhi_UFO_houses
25.74025	32.60235	Valley of the Kings	https://en.wikipedia.org/wiki/Valley_of_the_Kings
26.16642	91.7055	Kamakhya Temple	https://en.wikipedia.org/wiki/Kamakhya_Temple
26.88356	88.2871	Victoria Boys' School	https://en.wikipedia.org/wiki/Victoria_Boys%27_School
27.04538	88.46094	Morgan House - Kalimpong	https://en.wikipedia.org/wiki/Morgan_House,_Kalimpong
27.09583	76.2875	Bhangarh Fort	https://en.wikipedia.org/wiki/Bhangarh_Fort
27.81428	-97.38981	USS Lexington (CV-16)	https://en.wikipedia.org/wiki/USS_Lexington_(CV-16)
28.4895	-16.3149	Museum of the History of Tenerife	https://en.wikipedia.org/wiki/Museum_of_the_History_of_Tenerife
28.51957	77.18711	Jamali Kamali Mosque and Tomb	https://en.wikipedia.org/wiki/Jamali_Kamali_Mosque_and_Tomb
28.59025	77.13191	Delhi Cantonment	https://en.wikipedia.org/wiki/Delhi_Cantonment
28.61388	77.20888	New Delhi	https://en.wikipedia.org/wiki/New_Delhi
28.66	77.23	Old Delhi	https://en.wikipedia.org/wiki/Old_Delhi
28.66127	77.23622	Lothian Cemetery	https://en.wikipedia.org/wiki/Lothian_Cemetery
29.71613	-95.39056	Houston Zoo	https://en.wikipedia.org/wiki/Houston_Zoo
29.97611	31.13277	Pyramids of Giza	https://en.wikipedia.org/wiki/Pyramids_of_Giza
3.43059	101.78889	Amber Court	https://en.wikipedia.org/wiki/Amber_Court
30.08666	31.33027	Baron Empain Palace	https://en.wikipedia.org/wiki/Baron_Empain_Palace
30.32888	35.44027	Petra	https://en.wikipedia.org/wiki/Petra
30.58951	-84.57482	Leaf Theater	https://en.wikipedia.org/wiki/Leaf_Theater
30.68583	-88.05083	Church Street Graveyard	https://en.wikipedia.org/wiki/Church_Street_Graveyard
31.20627	121.43362	Wukang Mansion	https://en.wikipedia.org/wiki/Wukang_Mansion
31.7119	-110.065	Bird Cage Theatre	https://en.wikipedia.org/wiki/Bird_Cage_Theatre
32.08097	-81.09208	Moon River Brewing Company	https://en.wikipedia.org/wiki/Moon_River_Brewing_Company
32.41305	-87.02888	Sturdivant Hall	https://en.wikipedia.org/wiki/Sturdivant_Hall
32.50819	-87.83368	Gaineswood	https://en.wikipedia.org/wiki/Gaineswood
32.63513	-87.35222	Kenworthy Hall	https://en.wikipedia.org/wiki/Kenworthy_Hall
32.72652	-114.61441	Yuma Territorial Prison	https://en.wikipedia.org/wiki/Yuma_Territorial_Prison
33.10222	-86.86416	Edmund King House	https://en.wikipedia.org/wiki/Edmund_King_House
33.1976	-87.5619	Dr. John R. Drish House	https://en.wikipedia.org/wiki/Dr._John_R._Drish_House
33.26176	-88.09508	Pickens County Courthouse (Alabama)	https://en.wikipedia.org/wiki/Pickens_County_Courthouse_(Alabama)
33.4997	-117.663	El Adobe de Capistrano	https://en.wikipedia.org/wiki/El_Adobe_de_Capistrano
33.7542	-84.6633	Lithia Springs High School	https://en.wikipedia.org/wiki/Lithia_Springs_High_School
34.232	132.554	Kure Naval Arsenal	https://en.wikipedia.org/wiki/Kure_Naval_Arsenal
34.8245	-87.6429	Sweetwater Mansion	https://en.wikipedia.org/wiki/Sweetwater_Mansion
34.83944	134.69361	Himeji Castle	https://en.wikipedia.org/wiki/Himeji_Castle
35.04805	-78.87833	Heritage Square (Fayetteville - North Carolina)	https://en.wikipedia.org/wiki/Heritage_Square_(Fayetteville,_North_Carolina)
35.1044	-77.0381	Harvey Mansion	https://en.wikipedia.org/wiki/Harvey_Mansion
35.10833	-77.04194	Attmore-Oliver House	https://en.wikipedia.org/wiki/Attmore-Oliver_House
35.14	-90.05527	Orpheum Theater (Memphis - Tennessee)	https://en.wikipedia.org/wiki/Orpheum_Theater_(Memphis,_Tennessee)
35.1918	-114.06	Lee Williams High School	https://en.wikipedia.org/wiki/Lee_Williams_High_School
35.29	139.66	Yokosuka Naval Arsenal	https://en.wikipedia.org/wiki/Yokosuka_Naval_Arsenal
35.65297	139.25215	Hachiōji Castle	https://en.wikipedia.org/wiki/Hachi%C5%8Dji_Castle
35.67602	139.73861	Prudential Tower (Tokyo)	https://en.wikipedia.org/wiki/Prudential_Tower_(Tokyo)
35.72958	139.71777	Sugamo Prison	https://en.wikipedia.org/wiki/Sugamo_Prison
35.90309	-86.85834	Carnton	https://en.wikipedia.org/wiki/Carnton
36.0697	-79.7918	Carolina Theatre of Greensboro	https://en.wikipedia.org/wiki/Carolina_Theatre_of_Greensboro
36.15234	136.27209	Maruoka Castle	https://en.wikipedia.org/wiki/Maruoka_Castle
36.59138	-87.05555	Bell Witch Cave	https://en.wikipedia.org/wiki/Bell_Witch_Cave
37.25892	127.1181	Korean Folk Village	https://en.wikipedia.org/wiki/Korean_Folk_Village
37.31836	-121.95076	Winchester Mystery House	https://en.wikipedia.org/wiki/Winchester_Mystery_House
37.47722	-89.24194	Anna State Hospital	https://en.wikipedia.org/wiki/Anna_State_Hospital
37.73027	-88.2925	Crenshaw House (Gallatin County - Illinois)	https://en.wikipedia.org/wiki/Crenshaw_House_(Gallatin_County,_Illinois)
37.82671	-122.42283	Alcatraz	https://en.wikipedia.org/wiki/Alcatraz
37.83277	-84.35222	White Hall State Historic Site	https://en.wikipedia.org/wiki/White_Hall_State_Historic_Site
38.13014	-85.84172	Waverly Hills Sanatorium	https://en.wikipedia.org/wiki/Waverly_Hills_Sanatorium
38.28646	-85.81292	Culbertson Mansion State Historic Site	https://en.wikipedia.org/wiki/Culbertson_Mansion_State_Historic_Site
38.74667	-9.18278	Beau-Séjour Palace	https://en.wikipedia.org/wiki/Beau-S%C3%A9jour_Palace
38.8898	-77.00911	United States Capitol	https://en.wikipedia.org/wiki/United_States_Capitol
38.8963	-77.0415	The Octagon House	https://en.wikipedia.org/wiki/The_Octagon_House
38.89777	-77.03666	White House	https://en.wikipedia.org/wiki/White_House
38.9403	-74.9141	Emlen Physick Estate	https://en.wikipedia.org/wiki/Emlen_Physick_Estate
39.0386	-80.4714	Trans-Allegheny Lunatic Asylum	https://en.wikipedia.org/wiki/Trans-Allegheny_Lunatic_Asylum
39.0753	-94.5811	Union Cemetery (Kansas City - Missouri)	https://en.wikipedia.org/wiki/Union_Cemetery_(Kansas_City,_Missouri)
39.09611	-94.52583	Elmwood Cemetery (Kansas City - Missouri)	https://en.wikipedia.org/wiki/Elmwood_Cemetery_(Kansas_City,_Missouri)
39.10514	-84.51011	Arnold's Bar and Grill	https://en.wikipedia.org/wiki/Arnold%27s_Bar_and_Grill
39.10805	-94.41722	Vaile Mansion	https://en.wikipedia.org/wiki/Vaile_Mansion
39.10944	-84.51888	Music Hall (Cincinnati)	https://en.wikipedia.org/wiki/Music_Hall_(Cincinnati)
39.1675	-119.77305	Nevada Governor's Mansion	https://en.wikipedia.org/wiki/Nevada_Governor%27s_Mansion
39.19305	-106.82666	Pioneer Park (Aspen - Colorado)	https://en.wikipedia.org/wiki/Pioneer_Park_(Aspen,_Colorado)
39.56658	-95.11472	Sallie House	https://en.wikipedia.org/wiki/Sallie_House
39.57138	-97.66361	Brown Grand Theatre	https://en.wikipedia.org/wiki/Brown_Grand_Theatre
39.635	-79.95555	Elizabeth Moore Hall	https://en.wikipedia.org/wiki/Elizabeth_Moore_Hall
39.91583	116.39083	Forbidden City	https://en.wikipedia.org/wiki/Forbidden_City
39.91649	-80.74236	West Virginia Penitentiary	https://en.wikipedia.org/wiki/West_Virginia_Penitentiary
39.9235	116.423	Chaonei No. 81	https://en.wikipedia.org/wiki/Chaonei_No._81
39.93653	116.37931	Prince Gong's Mansion	https://en.wikipedia.org/wiki/Prince_Gong%27s_Mansion
4.58611	-74.3	Tequendama Falls Museum	https://en.wikipedia.org/wiki/Tequendama_Falls_Museum
4.59841	-74.07653	Palacio Liévano	https://en.wikipedia.org/wiki/Palacio_Li%C3%A9vano
4.5988	-74.07074	Silva Poetry House	https://en.wikipedia.org/wiki/Silva_Poetry_House
40.2492	-111.649	Harold B. Lee Library	https://en.wikipedia.org/wiki/Harold_B._Lee_Library
40.39666	-91.38111	E. H. Harrison House	https://en.wikipedia.org/wiki/E._H._Harrison_House
40.41666	116.08333	Great Wall of China	https://en.wikipedia.org/wiki/Great_Wall_of_China
40.4199	-3.6921	Palace of Linares	https://en.wikipedia.org/wiki/Palace_of_Linares
40.62694	-111.79916	Cottonwood Paper Mill	https://en.wikipedia.org/wiki/Cottonwood_Paper_Mill
40.6386	-89.6617	Peoria State Hospital	https://en.wikipedia.org/wiki/Peoria_State_Hospital
40.77388	-111.89055	Alfred McCune Home	https://en.wikipedia.org/wiki/Alfred_McCune_Home
40.88621	-73.25734	Kings Park - New York	https://en.wikipedia.org/wiki/Kings_Park,_New_York
40.9017	-73.2322	Kings Park Psychiatric Center	https://en.wikipedia.org/wiki/Kings_Park_Psychiatric_Center
41.2325	-87.8048	Manteno State Hospital	https://en.wikipedia.org/wiki/Manteno_State_Hospital
41.2727	-73.297	Union Cemetery (Easton - Connecticut)	https://en.wikipedia.org/wiki/Union_Cemetery_(Easton,_Connecticut)
41.279	141.12	Mount Osore	https://en.wikipedia.org/wiki/Mount_Osore
41.3125	-105.609	Wyoming Territorial Prison	https://en.wikipedia.org/wiki/Wyoming_Territorial_Prison
41.48916	-72.07333	Norwich State Hospital	https://en.wikipedia.org/wiki/Norwich_State_Hospital
41.6308	-87.7708	Bachelor's Grove Cemetery	https://en.wikipedia.org/wiki/Bachelor%27s_Grove_Cemetery
41.6989	-71.1562	Lizzie Borden House	https://en.wikipedia.org/wiki/Lizzie_Borden_House
41.7657	-107.216	Wyoming Frontier Prison	https://en.wikipedia.org/wiki/Wyoming_Frontier_Prison
41.79027	-81.04583	Madison Seminary	https://en.wikipedia.org/wiki/Madison_Seminary
41.85186	-72.37707	Daniel Benton Homestead	https://en.wikipedia.org/wiki/Daniel_Benton_Homestead
41.87202	-87.64725	Hull House	https://en.wikipedia.org/wiki/Hull_House
41.89027	12.49222	Colosseum	https://en.wikipedia.org/wiki/Colosseum
41.89358	-87.62995	Former Chicago Historical Society Building	https://en.wikipedia.org/wiki/Former_Chicago_Historical_Society_Building
42.39111	-71.21055	Walter E. Fernald Developmental Center	https://en.wikipedia.org/wiki/Walter_E._Fernald_Developmental_Center
42.40555	-71.21361	Metropolitan State Hospital (Massachusetts)	https://en.wikipedia.org/wiki/Metropolitan_State_Hospital_(Massachusetts)
42.52194	-70.88472	House of the Seven Gables	https://en.wikipedia.org/wiki/House_of_the_Seven_Gables
42.63472	-73.76388	Cherry Hill (Albany - New York)	https://en.wikipedia.org/wiki/Cherry_Hill_(Albany,_New_York)
42.6526	-73.7574	New York State Capitol	https://en.wikipedia.org/wiki/New_York_State_Capitol
42.863	-112.454	Pocatello High School	https://en.wikipedia.org/wiki/Pocatello_High_School
42.89325	-78.92381	Old Fort Erie	https://en.wikipedia.org/wiki/Old_Fort_Erie
42.9859	-81.2511	Grand Theatre (London - Ontario)	https://en.wikipedia.org/wiki/Grand_Theatre_(London,_Ontario)
43.07583	-89.40111	University of Wisconsin Science Hall	https://en.wikipedia.org/wiki/University_of_Wisconsin_Science_Hall
43.11666	-79.06666	Niagara Falls - Ontario	https://en.wikipedia.org/wiki/Niagara_Falls,_Ontario
43.25083	-79.06111	Fort George - Ontario	https://en.wikipedia.org/wiki/Fort_George,_Ontario
43.6137	-79.3853	Gibraltar Point Lighthouse	https://en.wikipedia.org/wiki/Gibraltar_Point_Lighthouse
43.63888	-79.40361	Fort York	https://en.wikipedia.org/wiki/Fort_York
43.64551	-79.38164	Fairmont Royal York	https://en.wikipedia.org/wiki/Fairmont_Royal_York
44.21944	-76.51361	Kingston Penitentiary	https://en.wikipedia.org/wiki/Kingston_Penitentiary
44.23026	-76.45968	Fort Henry National Historic Site	https://en.wikipedia.org/wiki/Fort_Henry_National_Historic_Site
44.4275	26.0875	Palace of the Parliament	https://en.wikipedia.org/wiki/Palace_of_the_Parliament
44.43174	26.09878	Stavropoleos Church	https://en.wikipedia.org/wiki/Stavropoleos_Church
44.4403	26.12076	Foișorul de Foc	https://en.wikipedia.org/wiki/Foi%C8%99orul_de_Foc
44.47916	25.99805	Chiajna Monastery	https://en.wikipedia.org/wiki/Chiajna_Monastery
44.53833	1.01444	Château de Bonaguil	https://en.wikipedia.org/wiki/Ch%C3%A2teau_de_Bonaguil
44.56619	-68.80241	Fort Knox (Maine)	https://en.wikipedia.org/wiki/Fort_Knox_(Maine)
44.6475	-63.58027	Citadel Hill (Fort George)	https://en.wikipedia.org/wiki/Citadel_Hill_(Fort_George)
44.91055	1.1425	Château de Puymartin	https://en.wikipedia.org/wiki/Ch%C3%A2teau_de_Puymartin
44.978	-93.2759	First Avenue (nightclub)	https://en.wikipedia.org/wiki/First_Avenue_(nightclub)
45.07568	-67.04923	Charlotte County Court House	https://en.wikipedia.org/wiki/Charlotte_County_Court_House
45.08027	-67.05472	The Algonquin	https://en.wikipedia.org/wiki/The_Algonquin
45.1357	25.7272	Iulia Hasdeu Castle	https://en.wikipedia.org/wiki/Iulia_Hasdeu_Castle
45.16388	-79.55	Windermere House	https://en.wikipedia.org/wiki/Windermere_House
45.38222	12.33055	Poveglia	https://en.wikipedia.org/wiki/Poveglia
45.4247	-75.6888	Ottawa Jail Hostel	https://en.wikipedia.org/wiki/Ottawa_Jail_Hostel
45.4258	-75.6978	Bytown Museum	https://en.wikipedia.org/wiki/Bytown_Museum
45.49333	-73.57694	Grey Nuns Motherhouse	https://en.wikipedia.org/wiki/Grey_Nuns_Motherhouse
45.51	-73.55	Auberge Le Saint-Gabriel	https://en.wikipedia.org/wiki/Auberge_Le_Saint-Gabriel
45.51188	-122.62541	Bagdad Theater	https://en.wikipedia.org/wiki/Bagdad_Theater
45.5233	-122.676	Roseland Theater	https://en.wikipedia.org/wiki/Roseland_Theater
45.525	-122.71638	Pittock Mansion	https://en.wikipedia.org/wiki/Pittock_Mansion
45.5703	-107.427	Little Bighorn Battlefield National Monument	https://en.wikipedia.org/wiki/Little_Bighorn_Battlefield_National_Monument
45.7867	-108.5372	Dude Rancher Lodge	https://en.wikipedia.org/wiki/Dude_Rancher_Lodge
45.7904	-74.2923	St. John's Shrewsbury Anglican Church	https://en.wikipedia.org/wiki/St._John%27s_Shrewsbury_Anglican_Church
45.8925	-59.985	Fortress of Louisbourg	https://en.wikipedia.org/wiki/Fortress_of_Louisbourg
46.01444	-112.53916	Copper King Mansion	https://en.wikipedia.org/wiki/Copper_King_Mansion
46.54473	-87.39205	Landmark Inn	https://en.wikipedia.org/wiki/Landmark_Inn
46.7761	-92.1246	Enger Tower	https://en.wikipedia.org/wiki/Enger_Tower
46.81277	-71.20666	Cathedral of the Holy Trinity (Quebec)	https://en.wikipedia.org/wiki/Cathedral_of_the_Holy_Trinity_(Quebec)
46.84027	-87.68194	Big Bay Point Light	https://en.wikipedia.org/wiki/Big_Bay_Point_Light
46.91	23.81	Bonțida Bánffy Castle	https://en.wikipedia.org/wiki/Bon%C8%9Bida_B%C3%A1nffy_Castle
47.35305	-0.44972	Château de Brissac	https://en.wikipedia.org/wiki/Ch%C3%A2teau_de_Brissac
47.6197	-122.31	First Methodist Protestant Church of Seattle	https://en.wikipedia.org/wiki/First_Methodist_Protestant_Church_of_Seattle
47.625	-122.322	Harvard Exit Theatre	https://en.wikipedia.org/wiki/Harvard_Exit_Theatre
47.6572	-122.312	Ye College Inn	https://en.wikipedia.org/wiki/Ye_College_Inn
47.72	-1.373	Château de Châteaubriant	https://en.wikipedia.org/wiki/Ch%C3%A2teau_de_Ch%C3%A2teaubriant
47.9249	-97.0502	Saint Anne's Guest Home	https://en.wikipedia.org/wiki/Saint_Anne%27s_Guest_Home
47.97555	-2.27388	Château de Trécesson	https://en.wikipedia.org/wiki/Ch%C3%A2teau_de_Tr%C3%A9cesson
48.14738	11.5806	Codex germanicus monacensis	https://en.wikipedia.org/wiki/Codex_germanicus_monacensis
48.42263	-123.34375	Craigdarroch Castle	https://en.wikipedia.org/wiki/Craigdarroch_Castle
48.4343	-123.472	Hatley Park National Historic Site	https://en.wikipedia.org/wiki/Hatley_Park_National_Historic_Site
48.80472	2.12027	Palace of Versailles	https://en.wikipedia.org/wiki/Palace_of_Versailles
48.83397	2.33245	Catacombs of Paris	https://en.wikipedia.org/wiki/Catacombs_of_Paris
48.853	2.3498	Notre-Dame de Paris	https://en.wikipedia.org/wiki/Notre-Dame_de_Paris
48.85829	2.29447	Eiffel Tower	https://en.wikipedia.org/wiki/Eiffel_Tower
48.86111	2.33583	Louvre	https://en.wikipedia.org/wiki/Louvre
48.86194	2.39416	Père Lachaise Cemetery	https://en.wikipedia.org/wiki/P%C3%A8re_Lachaise_Cemetery
48.86388	2.32611	Tuileries Garden	https://en.wikipedia.org/wiki/Tuileries_Garden
49.2157	-122.929	New Westminster Secondary School	https://en.wikipedia.org/wiki/New_Westminster_Secondary_School
49.2182	-122.8946	British Columbia Penitentiary	https://en.wikipedia.org/wiki/British_Columbia_Penitentiary
49.28	-123.12	Vogue Theatre	https://en.wikipedia.org/wiki/Vogue_Theatre
49.28583	-123.11166	Waterfront Station (Vancouver)	https://en.wikipedia.org/wiki/Waterfront_Station_(Vancouver)
49.41222	8.71	Heidelberg	https://en.wikipedia.org/wiki/Heidelberg
49.43887	14.1924	Zvíkov Castle	https://en.wikipedia.org/wiki/Zv%C3%ADkov_Castle
49.6739	-103.874	Souris Valley Mental Health Hospital	https://en.wikipedia.org/wiki/Souris_Valley_Mental_Health_Hospital
49.79333	8.66833	Frankenstein Castle	https://en.wikipedia.org/wiki/Frankenstein_Castle
49.86666	8.65	Darmstadt	https://en.wikipedia.org/wiki/Darmstadt
49.8958	-97.1436	Burton Cummings Theatre	https://en.wikipedia.org/wiki/Burton_Cummings_Theatre
49.89849	-97.1368	Royal Manitoba Theatre Centre	https://en.wikipedia.org/wiki/Royal_Manitoba_Theatre_Centre
49.9512	-98.3276	Fort La Reine	https://en.wikipedia.org/wiki/Fort_La_Reine
5.80016	116.00819	Kinarut Mansion	https://en.wikipedia.org/wiki/Kinarut_Mansion
5.84271	118.11633	Agnes Keith House	https://en.wikipedia.org/wiki/Agnes_Keith_House
50.03583	19.17833	Auschwitz concentration camp	https://en.wikipedia.org/wiki/Auschwitz_concentration_camp
50.4399	-104.6122	Darke Hall	https://en.wikipedia.org/wiki/Darke_Hall
50.45326	19.55214	Ogrodzieniec Castle	https://en.wikipedia.org/wiki/Ogrodzieniec_Castle
50.454	-104.648	Government House (Saskatchewan)	https://en.wikipedia.org/wiki/Government_House_(Saskatchewan)
50.4747	-4.72806	Bodmin Jail	https://en.wikipedia.org/wiki/Bodmin_Jail
50.7064	-1.5512	Hurst Castle	https://en.wikipedia.org/wiki/Hurst_Castle
50.8003	-103.819	Fort San - Saskatchewan	https://en.wikipedia.org/wiki/Fort_San,_Saskatchewan
50.82	-1.45	Beaulieu Palace House	https://en.wikipedia.org/wiki/Beaulieu_Palace_House
50.8218	-1.45024	Beaulieu Abbey	https://en.wikipedia.org/wiki/Beaulieu_Abbey
50.85611	-0.55361	Arundel Castle	https://en.wikipedia.org/wiki/Arundel_Castle
50.87202	-1.57206	Glasshayes House	https://en.wikipedia.org/wiki/Glasshayes_House
50.9705	-1.78391	Breamore House	https://en.wikipedia.org/wiki/Breamore_House
50.97085	-1.78419	Breamore Priory	https://en.wikipedia.org/wiki/Breamore_Priory
51.4034	-0.33749	Hampton Court Palace	https://en.wikipedia.org/wiki/Hampton_Court_Palace
51.4479	0.15931	Hall Place	https://en.wikipedia.org/wiki/Hall_Place
51.5082	-0.07619	Tower of London	https://en.wikipedia.org/wiki/Tower_of_London
51.50886	-0.1459	50 Berkeley Square	https://en.wikipedia.org/wiki/50_Berkeley_Square
51.51305	-0.12027	Theatre Royal - Drury Lane	https://en.wikipedia.org/wiki/Theatre_Royal,_Drury_Lane
51.51944	-0.12694	British Museum	https://en.wikipedia.org/wiki/British_Museum
51.5761	0.1853	Brookside Theatre	https://en.wikipedia.org/wiki/Brookside_Theatre
51.59916	-0.07527	Bruce Castle	https://en.wikipedia.org/wiki/Bruce_Castle
51.616	-0.664	Forty Green - Penn	https://en.wikipedia.org/wiki/Forty_Green,_Penn
51.63	-0.745	High Wycombe railway station	https://en.wikipedia.org/wiki/High_Wycombe_railway_station
51.638	-2.34793	Ancient Ram Inn	https://en.wikipedia.org/wiki/Ancient_Ram_Inn
51.646	-0.8026	Hellfire Caves	https://en.wikipedia.org/wiki/Hellfire_Caves
51.64715	-0.80562	St Lawrence's Church - West Wycombe	https://en.wikipedia.org/wiki/St_Lawrence%27s_Church,_West_Wycombe
51.6613	-3.28291	Llancaiach Fawr	https://en.wikipedia.org/wiki/Llancaiach_Fawr
51.6744	-0.53296	Chenies Manor House	https://en.wikipedia.org/wiki/Chenies_Manor_House
51.6965	-8.499	Charles Fort (Ireland)	https://en.wikipedia.org/wiki/Charles_Fort_(Ireland)
51.7008	-0.70285	Missenden Abbey	https://en.wikipedia.org/wiki/Missenden_Abbey
51.7326	7.53368	Schloss Nordkirchen	https://en.wikipedia.org/wiki/Schloss_Nordkirchen
51.90688	-0.25964	Minsden Chapel	https://en.wikipedia.org/wiki/Minsden_Chapel
51.9964	-0.5025	Flitwick Manor	https://en.wikipedia.org/wiki/Flitwick_Manor
52.041	-9.531	Ross Castle	https://en.wikipedia.org/wiki/Ross_Castle
52.0546	0.6942	Borley Rectory (demolished)	https://en.wikipedia.org/wiki/Borley_Rectory
52.12707	-106.69612	St. Paul's Hospital (Saskatoon)	https://en.wikipedia.org/wiki/St._Paul%27s_Hospital_(Saskatoon)
52.4141	-1.40819	Coombe Abbey	https://en.wikipedia.org/wiki/Coombe_Abbey
52.51861	13.37611	Reichstag building	https://en.wikipedia.org/wiki/Reichstag_building
52.6589	-1.12489	Belgrave Hall	https://en.wikipedia.org/wiki/Belgrave_Hall
52.72722	-108.29611	Fort Battleford	https://en.wikipedia.org/wiki/Fort_Battleford
52.7372	-108.26	Saskatchewan Hospital	https://en.wikipedia.org/wiki/Saskatchewan_Hospital
52.8575	-6.8128	Ducketts Grove	https://en.wikipedia.org/wiki/Ducketts_Grove
52.875	0.657	RAF Bircham Newton	https://en.wikipedia.org/wiki/RAF_Bircham_Newton
53.0281	-7.8085	Leap Castle	https://en.wikipedia.org/wiki/Leap_Castle
53.1	-7.7	Kinnitty Castle	https://en.wikipedia.org/wiki/Kinnitty_Castle
53.1297	-3.06722	Plas Teg	https://en.wikipedia.org/wiki/Plas_Teg
53.1389	-0.00055	RAF East Kirkby	https://en.wikipedia.org/wiki/RAF_East_Kirkby
53.2604	-7.5279	Charleville Castle	https://en.wikipedia.org/wiki/Charleville_Castle
53.3026	-1.34722	Renishaw Hall	https://en.wikipedia.org/wiki/Renishaw_Hall
53.34166	-6.30944	Kilmainham Gaol	https://en.wikipedia.org/wiki/Kilmainham_Gaol
53.34756	-6.2754	St. Michan's Church	https://en.wikipedia.org/wiki/St._Michan%27s_Church
53.4074	-2.9813	Royal Court Theatre - Liverpool	https://en.wikipedia.org/wiki/Royal_Court_Theatre,_Liverpool
53.44472	-6.165	Malahide Castle	https://en.wikipedia.org/wiki/Malahide_Castle
53.5014	-113.581	Fort Edmonton Park	https://en.wikipedia.org/wiki/Fort_Edmonton_Park
53.51805	-113.49722	Old Strathcona	https://en.wikipedia.org/wiki/Old_Strathcona
53.6064	-0.42194	RAF Elsham Wolds	https://en.wikipedia.org/wiki/RAF_Elsham_Wolds
53.7329	-2.5735	Hoghton Tower	https://en.wikipedia.org/wiki/Hoghton_Tower
54.6856	-6.6555	Springhill House	https://en.wikipedia.org/wiki/Springhill_House
54.89888	-5.86111	Ballygally Castle	https://en.wikipedia.org/wiki/Ballygally_Castle
55.5258	-1.9041	Chillingham Castle	https://en.wikipedia.org/wiki/Chillingham_Castle
6.11777	-75.585	La Catedral	https://en.wikipedia.org/wiki/La_Catedral
60.15787	24.95842	Villa Kleineh	https://en.wikipedia.org/wiki/Villa_Kleineh
60.16333	24.93305	Alexander Theatre	https://en.wikipedia.org/wiki/Alexander_Theatre
60.50138	24.6478	Nummela Sanatorium	https://en.wikipedia.org/wiki/Nummela_Sanatorium
61.2006	-149.916	West Anchorage High School	https://en.wikipedia.org/wiki/West_Anchorage_High_School
7.09912	125.6196	Southern Philippines Medical Center	https://en.wikipedia.org/wiki/Southern_Philippines_Medical_Center
7.12552	125.64577	Francisco Bangoy International Airport	https://en.wikipedia.org/wiki/Francisco_Bangoy_International_Airport
8.4575	126.36	Hinatuan Enchanted River	https://en.wikipedia.org/wiki/Hinatuan_Enchanted_River
8.66722	123.417	José Rizal Memorial Protected Landscape	https://en.wikipedia.org/wiki/Jos%C3%A9_Rizal_Memorial_Protected_Landscape
8.68889	106.61479	Côn Đảo Prison	https://en.wikipedia.org/wiki/C%C3%B4n_%C4%90%E1%BA%A3o_Prison