57.30973	-4.43891	Nessie, Loch Ness
44.53	-73.33	Champ, Lake Champlain
56.826	31.942	Brosno Dragon
49.48805	-55.81083	Cressie
5.54	-72.92	Monster of Lake Tota
47.90166	-114.10416	Flathead Lake Monster
53.56666	-108.65	Turtle Lake Monster
41.16666	-112.53333	North Shore Monster
45.16972	-66.79444	Lake Utopia Lake Monster
59.45	8.73333	Selma
63.21666	14.31666	Storsjöodjuret
61.8	16.28333	Gryttie
35.48333	-80.93333	Normie
47.48805	-69.26805	Ponik